"CCLE_ID","depMapID","Name","Pathology","Site_Primary","Gender","tcga_code"
"DMS53_LUNG","ACH-000698","DMS 53","primary","lung","male","SCLC"
"SW1116_LARGE_INTESTINE","ACH-000489","SW1116","primary","large_intestine","male","COAD/READ"
"NCIH1694_LUNG","ACH-000431","NCI-H1694","metastasis","lung","male","SCLC"
"P3HR1_HAEMATOPOIETIC_AND_LYMPHOID_TISSUE","ACH-000707","P3HR-1","metastasis","haematopoietic_and_lymphoid_tissue","male","DLBC"
"HUT78_HAEMATOPOIETIC_AND_LYMPHOID_TISSUE","ACH-000509","HuT 78","primary","haematopoietic_and_lymphoid_tissue","male",NA
"UMUC3_URINARY_TRACT","ACH-000522","UM-UC-3","primary","urinary_tract","male","BLCA"
"HOS_BONE","ACH-000613","HOS","primary","bone","female","SARC"
"HUNS1_HAEMATOPOIETIC_AND_LYMPHOID_TISSUE","ACH-000829","HuNS1","primary","haematopoietic_and_lymphoid_tissue","male","MM"
"AML193_HAEMATOPOIETIC_AND_LYMPHOID_TISSUE","ACH-000557","AML-193","primary","haematopoietic_and_lymphoid_tissue","female","LAML"
"RVH421_SKIN","ACH-000614","RVH-421","metastasis","skin","male","SKCM"
"NCIH1184_LUNG","ACH-000523","NCI-H1184","metastasis","lung","male","SCLC"
"HCC2157_BREAST","ACH-000691","HCC2157","primary","breast","female","BRCA"
"TC71_BONE","ACH-000424","TC-71","primary","bone","male","SARC"
"NCIH2227_LUNG","ACH-000610","NCI-H2227","primary","lung","male","SCLC"
"SNU449_LIVER","ACH-000420","SNU-449","primary","liver","male","LIHC"
"NCIH28_PLEURA","ACH-000648","NCI-H28","metastasis","pleura","male","MESO"
"OV56_OVARY","ACH-000091","OV56","primary","ovary","female","OV"
"JHOS4_OVARY","ACH-000584","JHOS-4","primary","ovary","female","OV"
"KYSE450_OESOPHAGUS","ACH-000865","KYSE-450","primary","oesophagus","male","ESCA"
"RMUGS_OVARY","ACH-000701","RMUG-S","primary","ovary","female","OV"
"KLE_ENDOMETRIUM","ACH-000293","KLE","primary","endometrium","female","UCEC"
"HS895T_FIBROBLAST","ACH-000043","Hs 895.T","metastasis","skin","female","SKCM"
"LN229_CENTRAL_NERVOUS_SYSTEM","ACH-000595","LN-229","primary","central_nervous_system","female","GBM"
"P31FUJ_HAEMATOPOIETIC_AND_LYMPHOID_TISSUE","ACH-000770","P31/FUJ","primary","haematopoietic_and_lymphoid_tissue","male","LAML"
"RKN_SOFT_TISSUE","ACH-000505","RKN","primary","soft_tissue","female","SARC"
"PATU8988S_PANCREAS","ACH-000022","PA-TU-8988S","metastasis","pancreas","female","PAAD"
"NH6_AUTONOMIC_GANGLIA","ACH-000203","NH-6","primary","autonomic_ganglia","female","NB"
"SF126_CENTRAL_NERVOUS_SYSTEM","ACH-000609","SF126","primary","central_nervous_system","missing_info","GBM"
"RERFLCAD2_LUNG","ACH-000774","RERF-LC-Ad2","primary","lung","male","LUAD"
"OUMS23_LARGE_INTESTINE","ACH-000296","OUMS-23","primary","large_intestine","missing_info","COAD/READ"
"SNGM_ENDOMETRIUM","ACH-000974","SNG-M","metastasis","endometrium","female","UCEC"
"NCIH2347_LUNG","ACH-000875","NCI-H2347","primary","lung","female","LUAD"
"SW1990_PANCREAS","ACH-000155","SW 1990","primary","pancreas","male","PAAD"
"HS940T_FIBROBLAST","ACH-000135","Hs 940.T","primary","skin","male","SKCM"
"HS611T_HAEMATOPOIETIC_AND_LYMPHOID_TISSUE","ACH-000069","Hs 611.T","primary","haematopoietic_and_lymphoid_tissue","female",NA
"TOLEDO_HAEMATOPOIETIC_AND_LYMPHOID_TISSUE","ACH-000285","Toledo","primary","haematopoietic_and_lymphoid_tissue","female","DLBC"
"RERFGC1B_STOMACH","ACH-000144","RERF-GC-1B","metastasis","stomach","male","STAD"
"HT1080_SOFT_TISSUE","ACH-000054","HT-1080","metastasis","soft_tissue","male","SARC"
"NCIH2087_LUNG","ACH-000841","NCI-H2087","metastasis","lung","male","LUAD"
"COV318_OVARY","ACH-000256","COV318","primary","ovary","female","OV"
"NCIH2085_LUNG","ACH-000451","NCI-H2085","primary","lung","male","LUAD"
"NCIH510_LUNG","ACH-000871","NCI-H510","primary","lung","male","SCLC"
"CAKI1_KIDNEY","ACH-000433","Caki-1","metastasis","kidney","male","KIRC"
"NCIH716_LARGE_INTESTINE","ACH-000491","NCI-H716","metastasis","large_intestine","male","COAD/READ"
"NCIH2066_LUNG","ACH-000727","NCI-H2066","primary","lung","female","SCLC"
"NCIH1341_LUNG","ACH-000129","NCI-H1341","metastasis","lung","female","SCLC"
"NCIH2029_LUNG","ACH-000298","NCI-H2029","metastasis","lung","female","SCLC"
"SW480_LARGE_INTESTINE","ACH-000842","SW480","primary","large_intestine","male","COAD/READ"
"HS746T_STOMACH","ACH-000616","Hs 746T","metastasis","stomach","male","STAD"
"LU65_LUNG","ACH-000438","LU65","primary","lung","male",NA
"HS739T_FIBROBLAST","ACH-000413","Hs 739.T","primary","breast","female",NA
"SNUC2A_LARGE_INTESTINE","ACH-000967","SNU-C2A","primary","large_intestine","female","COAD/READ"
"HEC151_ENDOMETRIUM","ACH-000972","HEC-151","primary","endometrium","female","UCEC"
"MSTO211H_PLEURA","ACH-000335","MSTO-211H","metastasis","pleura","male","MESO"
"RAJI_HAEMATOPOIETIC_AND_LYMPHOID_TISSUE","ACH-000654","Raji","primary","haematopoietic_and_lymphoid_tissue","male","DLBC"
"SKMEL1_SKIN","ACH-000465","SK-MEL-1","metastasis","skin","male","SKCM"
"SUPT1_HAEMATOPOIETIC_AND_LYMPHOID_TISSUE","ACH-000953","SUP-T1","metastasis","haematopoietic_and_lymphoid_tissue","male","ALL"
"JHH7_LIVER","ACH-000848","JHH-7","primary","liver","male","LIHC"
"HUT102_HAEMATOPOIETIC_AND_LYMPHOID_TISSUE","ACH-000612","HuT 102","primary","haematopoietic_and_lymphoid_tissue","male",NA
"HCC38_BREAST","ACH-000276","HCC38","primary","breast","female","BRCA"
"DU4475_BREAST","ACH-000258","DU4475","metastasis","breast","female","BRCA"
"NCIH1573_LUNG","ACH-000916","NCI-H1573","metastasis","lung","female","LUAD"
"NCIH508_LARGE_INTESTINE","ACH-000360","NCI-H508","metastasis","large_intestine","male","COAD/READ"
"NCIH1651_LUNG","ACH-000893","NCI-H1651","primary","lung","male","LUAD"
"SKUT1_SOFT_TISSUE","ACH-000939","SK-UT-1","primary","soft_tissue","female","SARC"
"MDAMB175VII_BREAST","ACH-000759","MDA-MB-175-VII","metastasis","breast","female","BRCA"
"SUPB15_HAEMATOPOIETIC_AND_LYMPHOID_TISSUE","ACH-000059","SUP-B15","primary","haematopoietic_and_lymphoid_tissue","male","ALL"
"NCIH226_LUNG","ACH-000367","NCI-H226","metastasis","lung","male","LUSC"
"NCIH1666_LUNG","ACH-000448","NCI-H1666","metastasis","lung","female","LUAD"
"SW1783_CENTRAL_NERVOUS_SYSTEM","ACH-000883","SW 1783","primary","central_nervous_system","male","LGG"
"ISTMES1_PLEURA","ACH-000569","IST-MES1","primary","pleura","female","MESO"
"NCIH1734_LUNG","ACH-000675","NCI-H1734","primary","lung","female","LUAD"
"NCIH2342_LUNG","ACH-000951","NCI-H2342","primary","lung","male","LUAD"
"EBC1_LUNG","ACH-000563","EBC-1","primary","lung","male","LUSC"
"HS936T_SKIN","ACH-000801","Hs 936.T","primary","skin","male","SKCM"
"T173_FIBROBLAST","ACH-000529","T1-73","primary","bone","missing_info","SARC"
"NCIH322_LUNG","ACH-000837","NCI-H322","primary","lung","male","LUAD"
"HS618T_FIBROBLAST","ACH-000539","Hs 618.T","primary","lung","female","LUAD"
"HS870T_FIBROBLAST","ACH-000340","Hs 870.T","primary","bone","missing_info","SARC"
"HS706T_BONE","ACH-000071","Hs 706.T","primary","bone","female",NA
"PANC1_PANCREAS","ACH-000164","PANC-1","primary","pancreas","male","PAAD"
"NCIH2291_LUNG","ACH-000718","NCI-H2291","metastasis","lung","male","LUAD"
"T47D_BREAST","ACH-000147","T-47D","metastasis","breast","female","BRCA"
"HS742T_FIBROBLAST","ACH-000230","Hs 742.T","primary","breast","female",NA
"BICR56_UPPER_AERODIGESTIVE_TRACT","ACH-000771","BICR 56","primary","upper_aerodigestive_tract","female","HNSC"
"BICR16_UPPER_AERODIGESTIVE_TRACT","ACH-000503","BICR 16","primary","upper_aerodigestive_tract","male","HNSC"
"TE10_OESOPHAGUS","ACH-000318","TE-10","primary","oesophagus","missing_info","ESCA"
"SKMEL28_SKIN","ACH-000615","SK-MEL-28","primary","skin","male","SKCM"
"BICR6_UPPER_AERODIGESTIVE_TRACT","ACH-000415","BICR 6","primary","upper_aerodigestive_tract","male","HNSC"
"BHY_UPPER_AERODIGESTIVE_TRACT","ACH-000548","BHY","primary","upper_aerodigestive_tract","male","HNSC"
"SH4_SKIN","ACH-000441","SH-4","metastasis","skin","female","SKCM"
"KPL1_BREAST","ACH-000028","KPL-1","metastasis","breast","female","BRCA"
"TUHR4TKB_KIDNEY","ACH-000495","TUHR4TKB","primary","kidney","missing_info","KIRC"
"LS123_LARGE_INTESTINE","ACH-000501","LS123","primary","large_intestine","female","COAD/READ"
"HEL_HAEMATOPOIETIC_AND_LYMPHOID_TISSUE","ACH-000004","HEL","primary","haematopoietic_and_lymphoid_tissue","male","LAML"
"HPAC_PANCREAS","ACH-000270","HPAC","primary","pancreas","female","PAAD"
"RCC10RGB_KIDNEY","ACH-000189","RCC10RGB","primary","kidney","male","KIRC"
"JHOM1_OVARY","ACH-000237","JHOM-1","primary","ovary","female","OV"
"SU8686_PANCREAS","ACH-000114","SU.86.86","primary","pancreas","female","PAAD"
"HCC33_LUNG","ACH-000515","HCC-33","metastasis","lung","male","SCLC"
"TE6_OESOPHAGUS","ACH-000605","TE-6","primary","oesophagus","missing_info","ESCA"
"JHOC5_OVARY","ACH-000324","JHOC-5","primary","ovary","female","OV"
"ACCMESO1_PLEURA","ACH-000086","ACC-MESO-1","metastasis","pleura","missing_info","MESO"
"BL41_HAEMATOPOIETIC_AND_LYMPHOID_TISSUE","ACH-000245","BL-41","primary","haematopoietic_and_lymphoid_tissue","male","DLBC"
"SNU1214_UPPER_AERODIGESTIVE_TRACT","ACH-000715","SNU-1214","primary","upper_aerodigestive_tract","male","HNSC"
"CORL105_LUNG","ACH-000161","COR-L105","primary","lung","male","LUAD"
"LMSU_STOMACH","ACH-000255","LMSU","metastasis","stomach","missing_info","STAD"
"SNU1197_LARGE_INTESTINE","ACH-000412","SNU-1197","primary","large_intestine","male","COAD/READ"
"COLO668_LUNG","ACH-000803","COLO 668","metastasis","lung","female","SCLC"
"OSRC2_KIDNEY","ACH-000159","OS-RC-2","primary","kidney","male","KIRC"
"HUH6_LIVER","ACH-000671","HuH-6","primary","liver","male","LIHC"
"PANC0203_PANCREAS","ACH-000042","Panc 02.03","primary","pancreas","female","PAAD"
"CJM_SKIN","ACH-000458","CJM","metastasis","skin","missing_info","SKCM"
"BICR22_UPPER_AERODIGESTIVE_TRACT","ACH-000794","BICR 22","metastasis","upper_aerodigestive_tract","male","HNSC"
"TM31_CENTRAL_NERVOUS_SYSTEM","ACH-000592","TM-31","primary","central_nervous_system","missing_info",NA
"SNU1272_KIDNEY","ACH-000513","SNU-1272","primary","kidney","female","KIRC"
"KPNRTBM1_AUTONOMIC_GANGLIA","ACH-000345","KP-N-RT-BM-1","metastasis","autonomic_ganglia","missing_info","NB"
"BICR18_UPPER_AERODIGESTIVE_TRACT","ACH-000992","BICR 18","primary","upper_aerodigestive_tract","male","HNSC"
"TE4_OESOPHAGUS","ACH-000917","TE-4","primary","oesophagus","missing_info","ESCA"
"ECC10_STOMACH","ACH-000560","ECC10","metastasis","stomach","missing_info","STAD"
"TUHR14TKB_KIDNEY","ACH-000317","TUHR14TKB","primary","kidney","missing_info","KIRC"
"YD15_SALIVARY_GLAND","ACH-000836","YD-15","primary","salivary_gland","male","HNSC"
"UBLC1_URINARY_TRACT","ACH-000741","U-BLC1","primary","urinary_tract","female","BLCA"
"ECGI10_OESOPHAGUS","ACH-000305","EC-GI-10","primary","oesophagus","male","ESCA"
"CW2_LARGE_INTESTINE","ACH-000998","CW-2","primary","large_intestine","female","COAD/READ"
"SNU761_LIVER","ACH-000537","SNU-761","primary","liver","male","LIHC"
"SNU61_LARGE_INTESTINE","ACH-000532","SNU-61","primary","large_intestine","male","COAD/READ"
"NCIH1915_LUNG","ACH-000434","NCI-H1915","metastasis","lung","female",NA
"SNU324_PANCREAS","ACH-000933","SNU-324","primary","pancreas","male","PAAD"
"YD10B_UPPER_AERODIGESTIVE_TRACT","ACH-000723","YD-10B","primary","upper_aerodigestive_tract","male","HNSC"
"HCC2279_LUNG","ACH-000731","HCC-2279","primary","lung","female","LUAD"
"TUHR10TKB_KIDNEY","ACH-000459","TUHR10TKB","primary","kidney","missing_info","KIRC"
"HEC1B_ENDOMETRIUM","ACH-000941","HEC-1-B","primary","endometrium","female","UCEC"
"TGBC11TKB_STOMACH","ACH-000949","TGBC11TKB","metastasis","stomach","female","STAD"
"OVK18_OVARY","ACH-000947","OVK18","primary","ovary","female","OV"
"SNU1077_ENDOMETRIUM","ACH-000302","SNU-1077","primary","endometrium","female","UCEC"
"HCC1588_LUNG","ACH-001078","HCC-1588","primary","lung","female","COAD/READ"
"SNU213_PANCREAS","ACH-000266","SNU-213","primary","pancreas","male","PAAD"
"HT115_LARGE_INTESTINE","ACH-000986","HT115","primary","large_intestine","missing_info","COAD/READ"
"TE14_OESOPHAGUS","ACH-000726","TE-14","primary","oesophagus","missing_info","ESCA"
"TE8_OESOPHAGUS","ACH-000452","TE-8","primary","oesophagus","missing_info","ESCA"
"SNU520_STOMACH","ACH-000908","SNU-520","primary","stomach","female","STAD"
"JHUEM3_ENDOMETRIUM","ACH-000173","JHUEM-3","primary","endometrium","missing_info","UCEC"
"LI7_LIVER","ACH-000471","Li-7","primary","liver","missing_info","LIHC"
"NCIH838_LUNG","ACH-000416","NCI-H838","metastasis","lung","male","LUAD"
"SNU119_OVARY","ACH-000635","SNU-119","primary","ovary","female","OV"
"SNU1033_LARGE_INTESTINE","ACH-000286","SNU-1033","primary","large_intestine","female","COAD/READ"
"SNUC5_LARGE_INTESTINE","ACH-000970","SNU-C5","primary","large_intestine","female","COAD/READ"
"GSS_STOMACH","ACH-000746","GSS","metastasis","stomach","missing_info","STAD"
"TALL1_HAEMATOPOIETIC_AND_LYMPHOID_TISSUE","ACH-000197","TALL-1","primary","haematopoietic_and_lymphoid_tissue","male","ALL"
"HCC1171_LUNG","ACH-000578","HCC-1171","primary","lung","male",NA
"SNUC4_LARGE_INTESTINE","ACH-000959","SNU-C4","primary","large_intestine","male","COAD/READ"
"SNU620_STOMACH","ACH-000325","SNU-620","metastasis","stomach","female","STAD"
"ECC12_STOMACH","ACH-000225","ECC12","metastasis","stomach","male","STAD"
"GSU_STOMACH","ACH-000485","GSU","metastasis","stomach","missing_info","STAD"
"KMS18_HAEMATOPOIETIC_AND_LYMPHOID_TISSUE","ACH-000658","KMS-18","primary","haematopoietic_and_lymphoid_tissue","missing_info","MM"
"JHOM2B_OVARY","ACH-000333","JHOM-2B","primary","ovary","female","OV"
"MDAMB231_BREAST","ACH-000768","MDA-MB-231","metastasis","breast","female","BRCA"
"OV90_OVARY","ACH-000291","OV-90","metastasis","ovary","female","OV"
"RS411_HAEMATOPOIETIC_AND_LYMPHOID_TISSUE","ACH-000874","RS4;11","primary","haematopoietic_and_lymphoid_tissue","female","ALL"
"OVTOKO_OVARY","ACH-000663","OVTOKO","metastasis","ovary","female","OV"
"OVCAR4_OVARY","ACH-000617","OVCAR-4","primary","ovary","female","OV"
"HLF_LIVER","ACH-000393","HLF","primary","liver","male","LIHC"
"HCT15_LARGE_INTESTINE","ACH-000997","HCT-15","primary","large_intestine","male","COAD/READ"
"SW1463_LARGE_INTESTINE","ACH-000470","SW1463","primary","large_intestine","female","COAD/READ"
"SF295_CENTRAL_NERVOUS_SYSTEM","ACH-000376","SF-295","primary","central_nervous_system","female","GBM"
"WM115_SKIN","ACH-000304","WM-115","primary","skin","female","SKCM"
"JHH4_LIVER","ACH-000476","JHH-4","primary","liver","male","LIHC"
"OE33_OESOPHAGUS","ACH-000383","OE33","primary","oesophagus","female","ESCA"
"CCK81_LARGE_INTESTINE","ACH-000963","CCK-81","primary","large_intestine","missing_info","COAD/READ"
"JHH1_LIVER","ACH-000620","JHH-1","primary","liver","male","LIHC"
"SJSA1_BONE","ACH-000748","SJSA-1","primary","bone","male","SARC"
"NCIH2228_LUNG","ACH-000447","NCI-H2228","primary","lung","female","LUAD"
"RERFLCAI_LUNG","ACH-000261","RERF-LC-AI","primary","lung","missing_info","LUSC"
"SKMES1_LUNG","ACH-000665","SK-MES-1","metastasis","lung","male","LUSC"
"NCIH520_LUNG","ACH-000395","NCI-H520","primary","lung","male","LUSC"
"JHH5_LIVER","ACH-000734","JHH-5","primary","liver","male","LIHC"
"FU97_STOMACH","ACH-000633","FU97","primary","stomach","female","STAD"
"COLO800_SKIN","ACH-000401","COLO-800","primary","skin","male","SKCM"
"NCIH1963_LUNG","ACH-000729","NCI-H1963","primary","lung","male","SCLC"
"RL952_ENDOMETRIUM","ACH-000965","RL95-2","primary","endometrium","female","UCEC"
"J82_URINARY_TRACT","ACH-000396","J82","primary","urinary_tract","male","BLCA"
"HCC15_LUNG","ACH-000878","HCC-15","primary","lung","male","LUSC"
"M059K_CENTRAL_NERVOUS_SYSTEM","ACH-000152","M059K","primary","central_nervous_system","male","GBM"
"CALU6_LUNG","ACH-000264","Calu-6","primary","lung","female","LUAD"
"SKLU1_LUNG","ACH-000309","SK-LU-1","primary","lung","female","LUAD"
"SW900_LUNG","ACH-000669","SW 900","primary","lung","male","LUSC"
"UACC62_SKIN","ACH-000425","UACC-62","primary","skin","missing_info","SKCM"
"MFE280_ENDOMETRIUM","ACH-000192","MFE-280","primary","endometrium","female","UCEC"
"MFE319_ENDOMETRIUM","ACH-000988","MFE-319","primary","endometrium","female","UCEC"
"MFE296_ENDOMETRIUM","ACH-000879","MFE-296","primary","endometrium","female","UCEC"
"GOS3_CENTRAL_NERVOUS_SYSTEM","ACH-000027","GOS-3","primary","central_nervous_system","male",NA
"GI1_CENTRAL_NERVOUS_SYSTEM","ACH-000756","GI-1","primary","central_nervous_system","male","LGG"
"PC14_LUNG","ACH-000030","PC-14","primary","lung","missing_info","LUAD"
"KYSE410_OESOPHAGUS","ACH-000809","KYSE-410","primary","oesophagus","male","ESCA"
"A204_SOFT_TISSUE","ACH-000201","A-204","primary","soft_tissue","female","SARC"
"PATU8902_PANCREAS","ACH-000599","PA-TU-8902","primary","pancreas","female","PAAD"
"NCIH810_LUNG","ACH-000789","NCI-H810","primary","lung","male",NA
"RERFLCMS_LUNG","ACH-000062","RERF-LC-MS","primary","lung","missing_info","LUAD"
"L1236_HAEMATOPOIETIC_AND_LYMPHOID_TISSUE","ACH-000702","L-1236","primary","haematopoietic_and_lymphoid_tissue","male",NA
"DANG_PANCREAS","ACH-000243","DAN-G","primary","pancreas","missing_info","PAAD"
"NCIH460_LUNG","ACH-000463","NCI-H460","metastasis","lung","male",NA
"KYSE140_OESOPHAGUS","ACH-000823","KYSE-140","primary","oesophagus","male","ESCA"
"KYSE180_OESOPHAGUS","ACH-000693","KYSE-180","primary","oesophagus","male","ESCA"
"HUPT3_PANCREAS","ACH-000118","HUP-T3","metastasis","pancreas","male","PAAD"
"EFE184_ENDOMETRIUM","ACH-000435","EFE-184","metastasis","endometrium","female","UCEC"
"GCIY_STOMACH","ACH-000047","GCIY","primary","stomach","female","STAD"
"SH10TC_STOMACH","ACH-000764","SH-10-TC","primary","stomach","missing_info","STAD"
"CAOV4_OVARY","ACH-000103","Caov-4","metastasis","ovary","female","OV"
"HCC2218_BREAST","ACH-000755","HCC2218","primary","breast","female","BRCA"
"KMS21BM_HAEMATOPOIETIC_AND_LYMPHOID_TISSUE","ACH-000598","KMS-21BM","primary","haematopoietic_and_lymphoid_tissue","male","MM"
"KMS26_HAEMATOPOIETIC_AND_LYMPHOID_TISSUE","ACH-000588","KMS-26","primary","haematopoietic_and_lymphoid_tissue","male","MM"
"KMS27_HAEMATOPOIETIC_AND_LYMPHOID_TISSUE","ACH-000576","KMS-27","primary","haematopoietic_and_lymphoid_tissue","male","MM"
"KO52_HAEMATOPOIETIC_AND_LYMPHOID_TISSUE","ACH-000498","KO52","primary","haematopoietic_and_lymphoid_tissue","male","LAML"
"KMS28BM_HAEMATOPOIETIC_AND_LYMPHOID_TISSUE","ACH-000419","KMS-28BM","primary","haematopoietic_and_lymphoid_tissue","female","MM"
"KNS60_CENTRAL_NERVOUS_SYSTEM","ACH-000445","KNS-60","primary","central_nervous_system","male","GBM"
"KNS81_CENTRAL_NERVOUS_SYSTEM","ACH-000479","KNS-81","primary","central_nervous_system","male","GBM"
"KPNSI9S_AUTONOMIC_GANGLIA","ACH-000446","KP-N-SI9s","metastasis","autonomic_ganglia","missing_info","NB"
"LU99_LUNG","ACH-000444","LU99","metastasis","lung","male",NA
"KMS34_HAEMATOPOIETIC_AND_LYMPHOID_TISSUE","ACH-000541","KMS-34","primary","haematopoietic_and_lymphoid_tissue","female","MM"
"MKN1_STOMACH","ACH-000351","MKN1","metastasis","stomach","male","STAD"
"MKN74_STOMACH","ACH-000758","MKN74","metastasis","stomach","male","STAD"
"KP3_PANCREAS","ACH-000108","KP-3","metastasis","pancreas","male","UNABLE TO CLASSIFY"
"NCO2_HAEMATOPOIETIC_AND_LYMPHOID_TISSUE","ACH-000076","NCO2","primary","haematopoietic_and_lymphoid_tissue","female","LCML"
"KHM1B_HAEMATOPOIETIC_AND_LYMPHOID_TISSUE","ACH-000564","KHM-1B","primary","haematopoietic_and_lymphoid_tissue","male","MM"
"HSC2_UPPER_AERODIGESTIVE_TRACT","ACH-000472","HSC-2","primary","upper_aerodigestive_tract","male","HNSC"
"KG1C_CENTRAL_NERVOUS_SYSTEM","ACH-000126","KG-1-C","primary","central_nervous_system","male","GBM"
"HUH7_LIVER","ACH-000480","HuH-7","primary","liver","male","LIHC"
"KMBC2_URINARY_TRACT","ACH-000862","KMBC-2","primary","urinary_tract","missing_info","BLCA"
"KMRC20_KIDNEY","ACH-000250","KMRC-20","primary","kidney","missing_info","KIRC"
"HUCCT1_BILIARY_TRACT","ACH-000976","HuCCT1","primary","biliary_tract","male",NA
"KIJK_HAEMATOPOIETIC_AND_LYMPHOID_TISSUE","ACH-000773","Ki-JK","primary","haematopoietic_and_lymphoid_tissue","male",NA
"A4FUK_HAEMATOPOIETIC_AND_LYMPHOID_TISSUE","ACH-000157","A4/Fuk","primary","haematopoietic_and_lymphoid_tissue","female","DLBC"
"KALS1_CENTRAL_NERVOUS_SYSTEM","ACH-000231","KALS-1","primary","central_nervous_system","female","LGG"
"HEC108_ENDOMETRIUM","ACH-000990","HEC-108","primary","endometrium","female","UCEC"
"HEL9217_HAEMATOPOIETIC_AND_LYMPHOID_TISSUE","ACH-000005","HEL 92.1.7","primary","haematopoietic_and_lymphoid_tissue","male","LAML"
"HUH28_BILIARY_TRACT","ACH-000808","HuH28","primary","biliary_tract","missing_info",NA
"HEC265_ENDOMETRIUM","ACH-000946","HEC-265","primary","endometrium","female","UCEC"
"CAL12T_LUNG","ACH-000826","CAL-12T","primary","lung","male","UNABLE TO CLASSIFY"
"THP1_HAEMATOPOIETIC_AND_LYMPHOID_TISSUE","ACH-000146","THP-1","primary","haematopoietic_and_lymphoid_tissue","male","LAML"
"A3KAW_HAEMATOPOIETIC_AND_LYMPHOID_TISSUE","ACH-000697","A3/KAW","primary","haematopoietic_and_lymphoid_tissue","female","DLBC"
"SKNSH_AUTONOMIC_GANGLIA","ACH-000149","SK-N-SH","metastasis","autonomic_ganglia","female","NB"
"HCC1954_BREAST","ACH-000859","HCC1954","primary","breast","female","BRCA"
"CAMA1_BREAST","ACH-000783","CAMA-1","metastasis","breast","female","BRCA"
"HEC6_ENDOMETRIUM","ACH-000984","HEC-6","primary","endometrium","female","UCEC"
"AM38_CENTRAL_NERVOUS_SYSTEM","ACH-000269","AM-38","primary","central_nervous_system","male","GBM"
"HEC50B_ENDOMETRIUM","ACH-000831","HEC-50B","primary","endometrium","female","UCEC"
"HSC3_UPPER_AERODIGESTIVE_TRACT","ACH-000778","HSC-3","metastasis","upper_aerodigestive_tract","male","HNSC"
"HSC4_UPPER_AERODIGESTIVE_TRACT","ACH-000546","HSC-4","primary","upper_aerodigestive_tract","male","HNSC"
"KMS11_HAEMATOPOIETIC_AND_LYMPHOID_TISSUE","ACH-000714","KMS-11","primary","haematopoietic_and_lymphoid_tissue","female","MM"
"KP4_PANCREAS","ACH-000265","KP4","metastasis","pancreas","male","PAAD"
"KE39_STOMACH","ACH-000507","KE-39","metastasis","stomach","male","STAD"
"KE97_HAEMATOPOIETIC_AND_LYMPHOID_TISSUE","ACH-000167","KE-97","primary","haematopoietic_and_lymphoid_tissue","male","MM"
"VMRCRCW_KIDNEY","ACH-000484","VMRC-RCW","primary","kidney","male","KIRC"
"HGC27_STOMACH","ACH-000847","HGC-27","metastasis","stomach","missing_info","STAD"
"LUDLU1_LUNG","ACH-000390","LUDLU-1","primary","lung","male","LUSC"
"HUG1N_STOMACH","ACH-000239","HuG1-N","primary","stomach","male","STAD"
"U266B1_HAEMATOPOIETIC_AND_LYMPHOID_TISSUE","ACH-000626","U266B1","primary","haematopoietic_and_lymphoid_tissue","male","MM"
"NUGC4_STOMACH","ACH-000674","NUGC-4","metastasis","stomach","female","STAD"
"HMC18_BREAST","ACH-000721","HMC-1-8","metastasis","breast","female","BRCA"
"CAS1_CENTRAL_NERVOUS_SYSTEM","ACH-000464","CAS-1","primary","central_nervous_system","male","GBM"
"KMM1_HAEMATOPOIETIC_AND_LYMPHOID_TISSUE","ACH-000889","KMM-1","primary","haematopoietic_and_lymphoid_tissue","male","MM"
"CORL23_LUNG","ACH-000662","COR-L23","metastasis","lung","male",NA
"MORCPR_LUNG","ACH-000851","MOR/CPR","primary","lung","missing_info","LUAD"
"HARA_LUNG","ACH-000843","HARA","metastasis","lung","male","LUSC"
"SKOV3_OVARY","ACH-000811","SK-OV-3","metastasis","ovary","female","OV"
"HPAFII_PANCREAS","ACH-000094","HPAF-II","metastasis","pancreas","male","PAAD"
"MC116_HAEMATOPOIETIC_AND_LYMPHOID_TISSUE","ACH-000583","MC116","metastasis","haematopoietic_and_lymphoid_tissue","male","DLBC"
"NCIH1568_LUNG","ACH-000869","NCI-H1568","metastasis","lung","female","LUAD"
"CA46_HAEMATOPOIETIC_AND_LYMPHOID_TISSUE","ACH-000440","CA46","metastasis","haematopoietic_and_lymphoid_tissue","male","DLBC"
"A498_KIDNEY","ACH-000555","A-498","primary","kidney","male","KIRC"
"BCP1_HAEMATOPOIETIC_AND_LYMPHOID_TISSUE","ACH-000923","BCP-1","primary","haematopoietic_and_lymphoid_tissue","male","DLBC"
"A673_BONE","ACH-000052","A-673","primary","bone","female","SARC"
"AU565_BREAST","ACH-000248","AU565","metastasis","breast","female","BRCA"
"COLO201_LARGE_INTESTINE","ACH-000253","COLO 201","metastasis","large_intestine","male","COAD/READ"
"CAPAN1_PANCREAS","ACH-000354","Capan-1","metastasis","pancreas","male","PAAD"
"NCIH1563_LUNG","ACH-000892","NCI-H1563","primary","lung","male","LUAD"
"NCIH358_LUNG","ACH-000860","NCI-H358","primary","lung","male","LUAD"
"CFPAC1_PANCREAS","ACH-000138","CFPAC-1","metastasis","pancreas","male","PAAD"
"NIHOVCAR3_OVARY","ACH-000001","NIH:OVCAR-3","metastasis","ovary","female","OV"
"NCIH1650_LUNG","ACH-000035","NCI-H1650","metastasis","lung","male","LUAD"
"NCIH1793_LUNG","ACH-000888","NCI-H1793","primary","lung","female","LUAD"
"NCIH1437_LUNG","ACH-000589","NCI-H1437","metastasis","lung","male","LUAD"
"KNS62_LUNG","ACH-000858","KNS-62","metastasis","lung","male","LUSC"
"HS578T_BREAST","ACH-000148","Hs 578T","primary","breast","female","BRCA"
"BT20_BREAST","ACH-000536","BT-20","primary","breast","female","BRCA"
"SNU182_LIVER","ACH-000483","SNU-182","primary","liver","male","LIHC"
"SKNMC_BONE","ACH-000039","SK-N-MC","metastasis","bone","female","SARC"
"HH_HAEMATOPOIETIC_AND_LYMPHOID_TISSUE","ACH-000061","HH","primary","haematopoietic_and_lymphoid_tissue","male","ALL"
"FADU_UPPER_AERODIGESTIVE_TRACT","ACH-000846","FaDu","primary","upper_aerodigestive_tract","male","HNSC"
"MDAMB361_BREAST","ACH-000934","MDA-MB-361","metastasis","breast","female","BRCA"
"MDAMB436_BREAST","ACH-000573","MDA-MB-436","metastasis","breast","female","BRCA"
"PANC0213_PANCREAS","ACH-000031","Panc 02.13","primary","pancreas","female","PAAD"
"DB_HAEMATOPOIETIC_AND_LYMPHOID_TISSUE","ACH-000334","DB","metastasis","haematopoietic_and_lymphoid_tissue","male","DLBC"
"RDES_BONE","ACH-000041","RD-ES","primary","bone","male","SARC"
"CAL27_UPPER_AERODIGESTIVE_TRACT","ACH-000832","CAL 27","primary","upper_aerodigestive_tract","male","HNSC"
"MESSA_SOFT_TISSUE","ACH-000449","MES-SA","primary","soft_tissue","female","SARC"
"SW1271_LUNG","ACH-000890","SW 1271","primary","lung","male","SCLC"
"NCIH1792_LUNG","ACH-000496","NCI-H1792","metastasis","lung","male","LUAD"
"GCT_SOFT_TISSUE","ACH-000835","GCT","metastasis","soft_tissue","male","SARC"
"SKBR3_BREAST","ACH-000017","SK-BR-3","metastasis","breast","female","BRCA"
"SNU16_STOMACH","ACH-000581","SNU-16","metastasis","stomach","female","STAD"
"NCIH82_LUNG","ACH-000355","NCI-H82","metastasis","lung","male","SCLC"
"NCIN87_STOMACH","ACH-000427","NCI-N87","metastasis","stomach","male","STAD"
"U2OS_BONE","ACH-000364","U-2 OS","primary","bone","female","SARC"
"H4_CENTRAL_NERVOUS_SYSTEM","ACH-000389","H4","primary","central_nervous_system","male","LGG"
"GDM1_HAEMATOPOIETIC_AND_LYMPHOID_TISSUE","ACH-000081","GDM-1","primary","haematopoietic_and_lymphoid_tissue","female","LAML"
"HCC1143_BREAST","ACH-000374","HCC1143","primary","breast","female","BRCA"
"T24_URINARY_TRACT","ACH-000018","T24","primary","urinary_tract","female","BLCA"
"G401_SOFT_TISSUE","ACH-000096","G-401","primary","soft_tissue","male","SARC"
"HCC1937_BREAST","ACH-000223","HCC1937","primary","breast","female","BRCA"
"HCC1569_BREAST","ACH-000930","HCC1569","primary","breast","female","BRCA"
"OCUM1_STOMACH","ACH-000247","OCUM-1","primary","stomach","female","STAD"
"SAOS2_BONE","ACH-000410","Saos-2","primary","bone","female","SARC"
"D283MED_CENTRAL_NERVOUS_SYSTEM","ACH-000055","D283 Med","metastasis","central_nervous_system","male","MB"
"SCC9_UPPER_AERODIGESTIVE_TRACT","ACH-000181","SCC-9","primary","upper_aerodigestive_tract","male","HNSC"
"HCC1395_BREAST","ACH-000699","HCC1395","primary","breast","female","BRCA"
"NMCG1_CENTRAL_NERVOUS_SYSTEM","ACH-000200","NMC-G1","primary","central_nervous_system","missing_info","LGG"
"TEN_ENDOMETRIUM","ACH-000397","TEN","primary","endometrium","female","UCEC"
"TE9_OESOPHAGUS","ACH-000694","TE-9","primary","oesophagus","male","ESCA"
"KNS42_CENTRAL_NERVOUS_SYSTEM","ACH-000622","KNS-42","primary","central_nervous_system","male","LGG"
"KYSE520_OESOPHAGUS","ACH-000637","KYSE-520","primary","oesophagus","female","ESCA"
"KYSE270_OESOPHAGUS","ACH-000873","KYSE-270","primary","oesophagus","male","ESCA"
"JHUEM1_ENDOMETRIUM","ACH-000928","JHUEM-1","primary","endometrium","female","UCEC"
"YH13_CENTRAL_NERVOUS_SYSTEM","ACH-000469","YH-13","primary","central_nervous_system","male","GBM"
"IALM_LUNG","ACH-000672","IA-LM","metastasis","lung","male",NA
"NCIH2052_PLEURA","ACH-000153","NCI-H2052","metastasis","pleura","male","MESO"
"SKNFI_AUTONOMIC_GANGLIA","ACH-000341","SK-N-FI","metastasis","autonomic_ganglia","male","NB"
"SKNAS_AUTONOMIC_GANGLIA","ACH-000260","SK-N-AS","primary","autonomic_ganglia","female","NB"
"GA10_HAEMATOPOIETIC_AND_LYMPHOID_TISSUE","ACH-000162","GA-10","primary","haematopoietic_and_lymphoid_tissue","male","DLBC"
"SNU398_LIVER","ACH-000221","SNU-398","primary","liver","male","LIHC"
"SNU423_LIVER","ACH-000493","SNU-423","primary","liver","male","LIHC"
"SCC4_UPPER_AERODIGESTIVE_TRACT","ACH-000238","SCC-4","primary","upper_aerodigestive_tract","male","HNSC"
"EB1_HAEMATOPOIETIC_AND_LYMPHOID_TISSUE","ACH-000877","EB1","primary","haematopoietic_and_lymphoid_tissue","female","DLBC"
"HCC1187_BREAST","ACH-000111","HCC1187","primary","breast","female","BRCA"
"SNU387_LIVER","ACH-000478","SNU-387","primary","liver","female","LIHC"
"DAUDI_HAEMATOPOIETIC_AND_LYMPHOID_TISSUE","ACH-000786","Daudi","primary","haematopoietic_and_lymphoid_tissue","male","DLBC"
"HT_HAEMATOPOIETIC_AND_LYMPHOID_TISSUE","ACH-000914","HT","metastasis","haematopoietic_and_lymphoid_tissue","male","DLBC"
"MJ_HAEMATOPOIETIC_AND_LYMPHOID_TISSUE","ACH-000077","MJ","primary","haematopoietic_and_lymphoid_tissue","male",NA
"JM1_HAEMATOPOIETIC_AND_LYMPHOID_TISSUE","ACH-000151","JM1","primary","haematopoietic_and_lymphoid_tissue","missing_info","DLBC"
"C2BBE1_LARGE_INTESTINE","ACH-000009","C2BBe1","primary","large_intestine","male","COAD/READ"
"SKES1_BONE","ACH-000087","SK-ES-1","primary","bone","male","SARC"
"EPLC272H_LUNG","ACH-000585","EPLC-272H","primary","lung","male","LUSC"
"BXPC3_PANCREAS","ACH-000535","BxPC-3","primary","pancreas","female","PAAD"
"NCIH1355_LUNG","ACH-000666","NCI-H1355","metastasis","lung","male","LUAD"
"SNU5_STOMACH","ACH-000303","SNU-5","metastasis","stomach","female","STAD"
"SNU475_LIVER","ACH-000422","SNU-475","primary","liver","male","LIHC"
"HEC251_ENDOMETRIUM","ACH-000996","HEC-251","primary","endometrium","female","UCEC"
"HCC95_LUNG","ACH-000454","HCC-95","primary","lung","male","LUSC"
"HCC1438_LUNG","ACH-000891","HCC-1438","primary","lung","male",NA
"RPMI7951_SKIN","ACH-000348","RPMI-7951","metastasis","skin","female","SKCM"
"SNU1066_UPPER_AERODIGESTIVE_TRACT","ACH-000682","SNU-1066","primary","upper_aerodigestive_tract","male","HNSC"
"SNU1041_UPPER_AERODIGESTIVE_TRACT","ACH-000618","SNU-1041","primary","upper_aerodigestive_tract","missing_info","HNSC"
"HCC2108_LUNG","ACH-000314","HCC-2108","primary","lung","male","LUAD"
"COLO783_SKIN","ACH-000812","COLO-783","metastasis","skin","female","SKCM"
"HCC1359_LUNG","ACH-000901","HCC-1359","primary","lung","female",NA
"BICR31_UPPER_AERODIGESTIVE_TRACT","ACH-000228","BICR 31","primary","upper_aerodigestive_tract","male","HNSC"
"COV362_OVARY","ACH-000278","COV362","primary","ovary","female","OV"
"COLO792_SKIN","ACH-000968","COLO 792","metastasis","skin","male","SKCM"
"COV434_OVARY","ACH-000123","COV434","primary","ovary","female","OV"
"WM983B_SKIN","ACH-000765","WM-983B","primary","skin","missing_info","SKCM"
"HS751T_FIBROBLAST","ACH-000165","Hs 751.T","primary","haematopoietic_and_lymphoid_tissue","missing_info",NA
"LS513_LARGE_INTESTINE","ACH-000007","LS513","primary","large_intestine","male","COAD/READ"
"NCIH2110_LUNG","ACH-000929","NCI-H2110","metastasis","lung","missing_info","UNABLE TO CLASSIFY"
"CHAGOK1_LUNG","ACH-000867","ChaGo-K-1","primary","lung","male","UNABLE TO CLASSIFY"
"DMS454_LUNG","ACH-000844","DMS 454","primary","lung","male","SCLC"
"CORL47_LUNG","ACH-000695","COR-L47","primary","lung","male","SCLC"
"FTC238_THYROID","ACH-000897","FTC-238","metastasis","thyroid","male","THCA"
"DMS273_LUNG","ACH-000749","DMS 273","metastasis","lung","female","SCLC"
"FTC133_THYROID","ACH-000903","FTC-133","metastasis","thyroid","male","THCA"
"CORL311_LUNG","ACH-000187","COR-L311","primary","lung","male","SCLC"
"NCIH2286_LUNG","ACH-000912","NCI-H2286","primary","lung","female","SCLC"
"NCIH1339_LUNG","ACH-000921","NCI-H1339","metastasis","lung","female","SCLC"
"WM793_SKIN","ACH-000827","WM-793","primary","skin","missing_info","SKCM"
"A704_KIDNEY","ACH-000429","A-704","primary","kidney","male","KIRC"
"MDAMB435S_SKIN","ACH-000884","MDA-MB-435S","primary","skin","female","SKCM"
"WM1799_SKIN","ACH-000661","WM1799","primary","skin","missing_info","SKCM"
"MEWO_SKIN","ACH-000987","MeWo","metastasis","skin","male","SKCM"
"WM88_SKIN","ACH-000899","WM-88","primary","skin","missing_info","SKCM"
"NCIH2081_LUNG","ACH-000394","NCI-H2081","metastasis","lung","female","SCLC"
"HS255T_FIBROBLAST","ACH-000199","Hs 255.T","primary","large_intestine","female",NA
"NCIH1092_LUNG","ACH-000514","NCI-H1092","metastasis","lung","male","SCLC"
"SW837_LARGE_INTESTINE","ACH-000421","SW837","primary","large_intestine","male","COAD/READ"
"JHH6_LIVER","ACH-000217","JHH-6","primary","liver","female","LIHC"
"IGR1_SKIN","ACH-000882","IGR-1","metastasis","skin","male","SKCM"
"NCIH1105_LUNG","ACH-000780","NCI-H1105","metastasis","lung","male","SCLC"
"NCIH1436_LUNG","ACH-000830","NCI-H1436","metastasis","lung","male","SCLC"
"NCIH1876_LUNG","ACH-000586","NCI-H1876","metastasis","lung","male","SCLC"
"CORL24_LUNG","ACH-000382","COR-L24","primary","lung","male","SCLC"
"COV644_OVARY","ACH-000608","COV644","primary","ovary","female","OV"
"GP2D_LARGE_INTESTINE","ACH-000982","GP2d","primary","large_intestine","female","COAD/READ"
"PECAPJ15_UPPER_AERODIGESTIVE_TRACT","ACH-000619","PE/CA-PJ15","primary","upper_aerodigestive_tract","male","HNSC"
"CORL88_LUNG","ACH-000508","COR-L88","primary","lung","male","SCLC"
"CORL95_LUNG","ACH-000743","COR-L95","primary","lung","male","SCLC"
"PECAPJ49_UPPER_AERODIGESTIVE_TRACT","ACH-000735","PE/CA-PJ49","primary","upper_aerodigestive_tract","male","HNSC"
"PECAPJ34CLONEC12_UPPER_AERODIGESTIVE_TRACT","ACH-000606","PE/CA-PJ34 (clone C12)","primary","upper_aerodigestive_tract","male","HNSC"
"PECAPJ41CLONED2_UPPER_AERODIGESTIVE_TRACT","ACH-000732","PE/CA-PJ41 (clone D2)","primary","upper_aerodigestive_tract","female","HNSC"
"OV7_OVARY","ACH-000688","OV7","primary","ovary","female","OV"
"HT55_LARGE_INTESTINE","ACH-000926","HT55","primary","large_intestine","missing_info","COAD/READ"
"OAW42_OVARY","ACH-000704","OAW42","metastasis","ovary","female","OV"
"MDST8_LARGE_INTESTINE","ACH-000935","MDST8","primary","large_intestine","missing_info","COAD/READ"
"OAW28_OVARY","ACH-000116","OAW28","primary","ovary","female","OV"
"SUIT2_PANCREAS","ACH-000652","SUIT-2","metastasis","pancreas","male","PAAD"
"KASUMI1_HAEMATOPOIETIC_AND_LYMPHOID_TISSUE","ACH-000263","KASUMI-1","primary","haematopoietic_and_lymphoid_tissue","male","LAML"
"SUPM2_HAEMATOPOIETIC_AND_LYMPHOID_TISSUE","ACH-000226","SUP-M2","metastasis","haematopoietic_and_lymphoid_tissue","female",NA
"SKHEP1_LIVER","ACH-000361","SK-HEP-1","metastasis","liver","male","LIHC"
"OVCAR8_OVARY","ACH-000696","OVCAR-8","primary","ovary","female","OV"
"NCIH2172_LUNG","ACH-000924","NCI-H2172","primary","lung","female","UNABLE TO CLASSIFY"
"ISHIKAWAHERAKLIO02ER_ENDOMETRIUM","ACH-000961","Ishikawa (Heraklio) 02 ER-","primary","endometrium","female","UCEC"
"NCIH596_LUNG","ACH-000628","NCI-H596","primary","lung","male","LUAD"
"NCIH650_LUNG","ACH-000945","NCI-H650","metastasis","lung","male","LUAD"
"SW1573_LUNG","ACH-000677","SW 1573","primary","lung","female","LUAD"
"OVMANA_OVARY","ACH-000646","OVMANA","primary","ovary","female","OV"
"SKCO1_LARGE_INTESTINE","ACH-000400","SK-CO-1","primary","large_intestine","male","COAD/READ"
"KARPAS299_HAEMATOPOIETIC_AND_LYMPHOID_TISSUE","ACH-000053","KARPAS-299","primary","haematopoietic_and_lymphoid_tissue","male",NA
"YAPC_PANCREAS","ACH-000332","YAPC","metastasis","pancreas","male","PAAD"
"HT1197_URINARY_TRACT","ACH-000547","HT-1197","primary","urinary_tract","male","BLCA"
"A253_SALIVARY_GLAND","ACH-000740","A-253","primary","salivary_gland","male","HNSC"
"HCC366_LUNG","ACH-000840","HCC-366","primary","lung","female","LUAD"
"DKMG_CENTRAL_NERVOUS_SYSTEM","ACH-000244","DK-MG","primary","central_nervous_system","female","GBM"
"SNU349_KIDNEY","ACH-000907","SNU-349","primary","kidney","male","KIRC"
"UMUC1_URINARY_TRACT","ACH-000834","UM-UC-1","primary","urinary_tract","male","BLCA"
"NAMALWA_HAEMATOPOIETIC_AND_LYMPHOID_TISSUE","ACH-000944","NAMALWA","primary","haematopoietic_and_lymphoid_tissue","female","DLBC"
"NCIH292_LUNG","ACH-001075","NCI-H292","metastasis","lung","female",NA
"U118MG_CENTRAL_NERVOUS_SYSTEM","ACH-000040","U-118 MG","primary","central_nervous_system","missing_info","GBM"
"HCC1833_LUNG","ACH-000712","HCC-1833","primary","lung","female","LUAD"
"RH30_SOFT_TISSUE","ACH-000833","RH-30","metastasis","soft_tissue","male","SARC"
"TCCSUP_URINARY_TRACT","ACH-000720","TCCSUP","primary","urinary_tract","female","BLCA"
"SNU601_STOMACH","ACH-000736","SNU-601","metastasis","stomach","male","STAD"
"CAL33_UPPER_AERODIGESTIVE_TRACT","ACH-000518","CAL-33","primary","upper_aerodigestive_tract","male","HNSC"
"SNU668_STOMACH","ACH-000344","SNU-668","metastasis","stomach","male","STAD"
"CORL279_LUNG","ACH-000257","COR-L279","metastasis","lung","male","SCLC"
"GB1_CENTRAL_NERVOUS_SYSTEM","ACH-000738","GB-1","primary","central_nervous_system","male","GBM"
"KURAMOCHI_OVARY","ACH-000524","KURAMOCHI","metastasis","ovary","female","UNABLE TO CLASSIFY"
"COLO684_ENDOMETRIUM","ACH-000864","COLO 684","primary","endometrium","female","UCEC"
"SNU685_ENDOMETRIUM","ACH-000407","SNU-685","primary","endometrium","female","UCEC"
"SNU886_LIVER","ACH-000316","SNU-886","primary","liver","male","LIHC"
"NCCSTCK140_STOMACH","ACH-000110","NCC-StC-K140","primary","stomach","female","STAD"
"NCIH3255_LUNG","ACH-000109","NCI-H3255","primary","lung","missing_info","LUAD"
"SNU719_STOMACH","ACH-000898","SNU-719","primary","stomach","male","STAD"
"SNU489_CENTRAL_NERVOUS_SYSTEM","ACH-000543","SNU-489","primary","central_nervous_system","male","GBM"
"SNU81_LARGE_INTESTINE","ACH-000991","SNU-81","primary","large_intestine","male","COAD/READ"
"A2058_SKIN","ACH-000788","A2058","metastasis","skin","male","SKCM"
"SNU1040_LARGE_INTESTINE","ACH-000999","SNU-1040","primary","large_intestine","male","COAD/READ"
"SNU1076_UPPER_AERODIGESTIVE_TRACT","ACH-000549","SNU-1076","primary","upper_aerodigestive_tract","male","HNSC"
"SNU175_LARGE_INTESTINE","ACH-000989","SNU-175","primary","large_intestine","female","COAD/READ"
"SNU407_LARGE_INTESTINE","ACH-000955","SNU-407","metastasis","large_intestine","male","COAD/READ"
"SNU201_CENTRAL_NERVOUS_SYSTEM","ACH-000623","SNU-201","primary","central_nervous_system","male","GBM"
"KMS20_HAEMATOPOIETIC_AND_LYMPHOID_TISSUE","ACH-000426","KMS-20","primary","haematopoietic_and_lymphoid_tissue","female","MM"
"SNU216_STOMACH","ACH-000466","SNU-216","metastasis","stomach","female","STAD"
"SNU1196_BILIARY_TRACT","ACH-000461","SNU-1196","primary","biliary_tract","missing_info",NA
"SNU1079_BILIARY_TRACT","ACH-000209","SNU-1079","primary","biliary_tract","missing_info",NA
"HCC1195_LUNG","ACH-000868","HCC-1195","primary","lung","male","LUAD"
"NCIH854_LUNG","ACH-000710","NCI-H854","primary","lung","missing_info","LUAD"
"SNU466_CENTRAL_NERVOUS_SYSTEM","ACH-000289","SNU-466","primary","central_nervous_system","male","GBM"
"YD38_UPPER_AERODIGESTIVE_TRACT","ACH-000762","YD-38","primary","upper_aerodigestive_tract","male","HNSC"
"SNU1105_CENTRAL_NERVOUS_SYSTEM","ACH-000368","SNU-1105","primary","central_nervous_system","male","GBM"
"SNU283_LARGE_INTESTINE","ACH-000708","SNU-283","primary","large_intestine","female","COAD/READ"
"SNU46_UPPER_AERODIGESTIVE_TRACT","ACH-000500","SNU-46","primary","upper_aerodigestive_tract","male","HNSC"
"SNU308_BILIARY_TRACT","ACH-000141","SNU-308","primary","biliary_tract","missing_info",NA
"YD8_UPPER_AERODIGESTIVE_TRACT","ACH-000630","YD-8","primary","upper_aerodigestive_tract","female","HNSC"
"SNU245_BILIARY_TRACT","ACH-000268","SNU-245","primary","biliary_tract","missing_info",NA
"SNU478_BILIARY_TRACT","ACH-000377","SNU-478","primary","biliary_tract","missing_info",NA
"SNU410_PANCREAS","ACH-000517","SNU-410","primary","pancreas","male","PAAD"
"SNU899_UPPER_AERODIGESTIVE_TRACT","ACH-000692","SNU-899","primary","upper_aerodigestive_tract","male","HNSC"
"SNU503_LARGE_INTESTINE","ACH-000683","SNU-503","primary","large_intestine","male","COAD/READ"
"SET2_HAEMATOPOIETIC_AND_LYMPHOID_TISSUE","ACH-000195","Set-2","primary","haematopoietic_and_lymphoid_tissue","female",NA
"SNU738_CENTRAL_NERVOUS_SYSTEM","ACH-000807","SNU-738","primary","central_nervous_system","male",NA
"SNU626_CENTRAL_NERVOUS_SYSTEM","ACH-000370","SNU-626","primary","central_nervous_system","male","GBM"
"SNU869_BILIARY_TRACT","ACH-000182","SNU-869","primary","biliary_tract","missing_info",NA
"SNU878_LIVER","ACH-000686","SNU-878","primary","liver","female","LIHC"
"SNU840_OVARY","ACH-000280","SNU-840","primary","ovary","female","OV"
"SNU8_OVARY","ACH-000460","SNU-8","primary","ovary","female","OV"
"NCIH684_LIVER","ACH-000089","NCI-H684","primary","liver","missing_info","LIHC"
"IGR39_SKIN","ACH-000550","IGR-39","primary","skin","male","SKCM"
"DAOY_CENTRAL_NERVOUS_SYSTEM","ACH-000211","Daoy","primary","central_nervous_system","male","MB"
"HEP3B217_LIVER","ACH-000625","Hep 3B2.1-7","primary","liver","male","LIHC"
"KYM1_SOFT_TISSUE","ACH-000607","KYM-1","primary","soft_tissue","missing_info","SARC"
"LC1F_LUNG","ACH-000705","LC-1F","primary","lung","male","LUSC"
"CMK_HAEMATOPOIETIC_AND_LYMPHOID_TISSUE","ACH-000641","CMK","primary","haematopoietic_and_lymphoid_tissue","male","LAML"
"JMSU1_URINARY_TRACT","ACH-000753","JMSU-1","primary","urinary_tract","male","BLCA"
"IMR32_AUTONOMIC_GANGLIA","ACH-000310","IMR-32","primary","autonomic_ganglia","male","NB"
"SUDHL8_HAEMATOPOIETIC_AND_LYMPHOID_TISSUE","ACH-000656","SU-DHL-8","metastasis","haematopoietic_and_lymphoid_tissue","male","DLBC"
"T3M4_PANCREAS","ACH-000085","T3M-4","metastasis","pancreas","male","PAAD"
"PK45H_PANCREAS","ACH-000468","PK-45H","primary","pancreas","missing_info","PAAD"
"HEC59_ENDOMETRIUM","ACH-000994","HEC-59","primary","endometrium","female","UCEC"
"T3M10_LUNG","ACH-000813","T3M-10","primary","lung","male",NA
"NUGC2_STOMACH","ACH-000761","NUGC-2","primary","stomach","female","STAD"
"PLCPRF5_LIVER","ACH-001318","PLC/PRF/5","primary","liver","male","LIHC"
"KPNYN_AUTONOMIC_GANGLIA","ACH-000227","KP-N-YN","metastasis","autonomic_ganglia","male","NB"
"CCFSTTG1_CENTRAL_NERVOUS_SYSTEM","ACH-000329","CCF-STTG1","primary","central_nervous_system","female","GBM"
"NCIH929_HAEMATOPOIETIC_AND_LYMPHOID_TISSUE","ACH-000050","NCI-H929","metastasis","haematopoietic_and_lymphoid_tissue","female","MM"
"KMRC3_KIDNEY","ACH-000313","KMRC-3","primary","kidney","male","KIRC"
"NCIH2023_LUNG","ACH-000781","NCI-H2023","metastasis","lung","male","LUAD"
"DMS153_LUNG","ACH-000594","DMS 153","metastasis","lung","male","SCLC"
"NCIH1048_LUNG","ACH-000866","NCI-H1048","metastasis","lung","female","SCLC"
"D341MED_CENTRAL_NERVOUS_SYSTEM","ACH-000095","D341 Med","primary","central_nervous_system","male","MB"
"NCIH660_PROSTATE","ACH-000177","NCI-H660","metastasis","prostate","male","PRAD"
"NCIH1618_LUNG","ACH-000179","NCI-H1618","metastasis","lung","female","SCLC"
"HS675T_FIBROBLAST","ACH-000214","Hs 675.T","primary","large_intestine","male","COAD/READ"
"PEER_HAEMATOPOIETIC_AND_LYMPHOID_TISSUE","ACH-000519","PEER","primary","haematopoietic_and_lymphoid_tissue","female","ALL"
"SKM1_HAEMATOPOIETIC_AND_LYMPHOID_TISSUE","ACH-000373","SKM-1","primary","haematopoietic_and_lymphoid_tissue","male","LAML"
"HT144_SKIN","ACH-000322","HT-144","metastasis","skin","male","SKCM"
"SKMEL31_SKIN","ACH-000640","SK-MEL-31","primary","skin","female","SKCM"
"HS839T_FIBROBLAST","ACH-000180","Hs 839.T","primary","skin","female","SKCM"
"HS939T_SKIN","ACH-000814","Hs 939.T","primary","skin","female","SKCM"
"OCILY3_HAEMATOPOIETIC_AND_LYMPHOID_TISSUE","ACH-000158","OCI-LY3","primary","haematopoietic_and_lymphoid_tissue","missing_info","DLBC"
"HS819T_FIBROBLAST","ACH-000224","Hs 819.T","primary","bone","male","SARC"
"NCIH69_LUNG","ACH-000358","NCI-H69","metastasis","lung","male","SCLC"
"DV90_LUNG","ACH-000925","DV-90","metastasis","lung","male","LUAD"
"ZR751_BREAST","ACH-000097","ZR-75-1","metastasis","breast","female","BRCA"
"KG1_HAEMATOPOIETIC_AND_LYMPHOID_TISSUE","ACH-000386","KG-1","primary","haematopoietic_and_lymphoid_tissue","male","LAML"
"SKNBE2_AUTONOMIC_GANGLIA","ACH-000312","SK-N-BE(2)","metastasis","autonomic_ganglia","male","NB"
"HCC70_BREAST","ACH-000668","HCC70","primary","breast","female","BRCA"
"NCIH2452_PLEURA","ACH-000092","NCI-H2452","metastasis","pleura","male","MESO"
"SNU1_STOMACH","ACH-000932","SNU-1","metastasis","stomach","male","STAD"
"LOUCY_HAEMATOPOIETIC_AND_LYMPHOID_TISSUE","ACH-000104","Loucy","primary","haematopoietic_and_lymphoid_tissue","female","ALL"
"HCC56_LARGE_INTESTINE","ACH-000467","HCC-56","primary","large_intestine","missing_info","COAD/READ"
"NCIH1648_LUNG","ACH-000766","NCI-H1648","metastasis","lung","male","LUAD"
"TO175T_FIBROBLAST","ACH-000125","TO 175.T","metastasis","haematopoietic_and_lymphoid_tissue","male",NA
"MPP89_PLEURA","ACH-000319","MPP 89","metastasis","pleura","male","MESO"
"PANC0813_PANCREAS","ACH-000417","Panc 08.13","primary","pancreas","male","PAAD"
"MG63_BONE","ACH-000359","MG-63","primary","bone","male","SARC"
"PK1_PANCREAS","ACH-000307","PK-1","primary","pancreas","missing_info","PAAD"
"HS840T_FIBROBLAST","ACH-000284","Hs 840.T","benign_neoplasia","upper_aerodigestive_tract","male",NA
"NCIH23_LUNG","ACH-000900","NCI-H23","primary","lung","male","LUAD"
"TE617T_SOFT_TISSUE","ACH-000051","TE 617.T","primary","soft_tissue","female","SARC"
"SW1088_CENTRAL_NERVOUS_SYSTEM","ACH-000437","SW 1088","primary","central_nervous_system","male","GBM"
"ISTMES2_PLEURA","ACH-000331","IST-MES2","metastasis","pleura","male","MESO"
"NCIH1373_LUNG","ACH-000845","NCI-H1373","primary","lung","male","LUAD"
"NCIH1930_LUNG","ACH-000870","NCI-H1930","metastasis","lung","male","SCLC"
"NCIH1623_LUNG","ACH-000744","NCI-H1623","metastasis","lung","male","LUAD"
"HS229T_FIBROBLAST","ACH-000131","Hs 229.T","primary","lung","male","LUAD"
"NCIH1838_LUNG","ACH-000733","NCI-H1838","primary","lung","female","LUAD"
"NCIH1836_LUNG","ACH-000559","NCI-H1836","primary","lung","male","SCLC"
"HS688AT_FIBROBLAST","ACH-000306","Hs 688(A).T","primary","skin","male","SKCM"
"PANC0504_PANCREAS","ACH-000093","Panc 05.04","primary","pancreas","female","PAAD"
"HS822T_FIBROBLAST","ACH-000229","Hs 822.T","primary","bone","female",NA
"BL70_HAEMATOPOIETIC_AND_LYMPHOID_TISSUE","ACH-000402","BL-70","primary","haematopoietic_and_lymphoid_tissue","male","DLBC"
"CI1_HAEMATOPOIETIC_AND_LYMPHOID_TISSUE","ACH-000687","CI-1","metastasis","haematopoietic_and_lymphoid_tissue","female","DLBC"
"G292CLONEA141B1_BONE","ACH-000082","G-292, clone A141B1","primary","bone","female","SARC"
"RCM1_LARGE_INTESTINE","ACH-000565","RCM-1","primary","large_intestine","female","COAD/READ"
"HS737T_FIBROBLAST","ACH-000185","Hs 737.T","primary","bone","female",NA
"HS616T_FIBROBLAST","ACH-000063","Hs 616.T","primary","haematopoietic_and_lymphoid_tissue","male",NA
"HS600T_FIBROBLAST","ACH-000240","Hs 600.T","primary","skin","missing_info",NA
"TE159T_FIBROBLAST","ACH-000175","TE 159.T","primary","soft_tissue","male",NA
"A101D_SKIN","ACH-000008","A101D","primary","skin","male","SKCM"
"NCIH1755_LUNG","ACH-000282","NCI-H1755","metastasis","lung","female","LUAD"
"RERFLCKJ_LUNG","ACH-000482","RERF-LC-KJ","primary","lung","male","LUAD"
"NCIH1693_LUNG","ACH-000021","NCI-H1693","metastasis","lung","female","LUAD"
"SW780_URINARY_TRACT","ACH-000384","SW 780","primary","urinary_tract","female","BLCA"
"HS683_CENTRAL_NERVOUS_SYSTEM","ACH-000067","Hs 683","primary","central_nervous_system","male","LGG"
"RKO_LARGE_INTESTINE","ACH-000943","RKO","primary","large_intestine","missing_info","COAD/READ"
"HS729_SOFT_TISSUE","ACH-000133","Hs 729","primary","soft_tissue","male","SARC"
"JHOS2_OVARY","ACH-000132","JHOS-2","primary","ovary","female","OV"
"MCF7_BREAST","ACH-000019","MCF7","metastasis","breast","female","BRCA"
"U937_HAEMATOPOIETIC_AND_LYMPHOID_TISSUE","ACH-000406","U-937","metastasis","haematopoietic_and_lymphoid_tissue","male","DLBC"
"SKLMS1_SOFT_TISSUE","ACH-000145","SK-LMS-1","primary","soft_tissue","female",NA
"HUTU80_SMALL_INTESTINE","ACH-000538","HuTu 80","primary","small_intestine","male",NA
"HCC202_BREAST","ACH-000725","HCC202","primary","breast","female","BRCA"
"MEG01_HAEMATOPOIETIC_AND_LYMPHOID_TISSUE","ACH-000072","MEG-01","primary","haematopoietic_and_lymphoid_tissue","male","LCML"
"REH_HAEMATOPOIETIC_AND_LYMPHOID_TISSUE","ACH-000960","Reh","primary","haematopoietic_and_lymphoid_tissue","female","ALL"
"ONS76_CENTRAL_NERVOUS_SYSTEM","ACH-000776","ONS-76","primary","central_nervous_system","female","MB"
"SNUC1_LARGE_INTESTINE","ACH-000722","SNU-C1","metastasis","large_intestine","male","COAD/READ"
"SKNDZ_AUTONOMIC_GANGLIA","ACH-000366","SK-N-DZ","metastasis","autonomic_ganglia","female","NB"
"DMS114_LUNG","ACH-000530","DMS 114","primary","lung","male","SCLC"
"TT_OESOPHAGUS","ACH-000561",NA,NA,"missing_info","missing_info","ESCA"
"ST486_HAEMATOPOIETIC_AND_LYMPHOID_TISSUE","ACH-000567","ST486","metastasis","haematopoietic_and_lymphoid_tissue","female","DLBC"
"OC314_OVARY","ACH-000962","OC 314","metastasis","ovary","female","OV"
"SW1353_BONE","ACH-000418","SW 1353","primary","bone","female","SARC"
"MDAMB157_BREAST","ACH-000621","MDA-MB-157","metastasis","breast","female","BRCA"
"LN18_CENTRAL_NERVOUS_SYSTEM","ACH-000819","LN-18","primary","central_nervous_system","male","GBM"
"CAOV3_OVARY","ACH-000713","Caov-3","primary","ovary","female","OV"
"HEPG2_LIVER","ACH-000739","Hep G2","primary","liver","male","LIHC"
"NCIH524_LUNG","ACH-000816","NCI-H524","metastasis","lung","male","SCLC"
"NCIH209_LUNG","ACH-000290","NCI-H209","metastasis","lung","male","SCLC"
"MIAPACA2_PANCREAS","ACH-000601","MIA PaCa-2","primary","pancreas","male","PAAD"
"MCAS_OVARY","ACH-000796","MCAS","primary","ovary","female","OV"
"SBC5_LUNG","ACH-000670","SBC-5","primary","lung","missing_info","SCLC"
"COLO829_SKIN","ACH-000644","COLO 829","primary","skin","male","SKCM"
"VCAP_PROSTATE","ACH-000115","VCaP","metastasis","prostate","male","PRAD"
"IPC298_SKIN","ACH-000915","IPC-298","primary","skin","female","SKCM"
"CAPAN2_PANCREAS","ACH-000107","Capan-2","primary","pancreas","male","PAAD"
"EFM192A_BREAST","ACH-000117","EFM-192A","metastasis","breast","female","BRCA"
"HS766T_PANCREAS","ACH-000178","Hs 766T","metastasis","pancreas","male","PAAD"
"EFO27_OVARY","ACH-000936","EFO-27","metastasis","ovary","female","OV"
"A2780_OVARY","ACH-000657","A2780","primary","ovary","female","UNABLE TO CLASSIFY"
"NCIH196_LUNG","ACH-000752","NCI-H196","metastasis","lung","male","SCLC"
"IGROV1_OVARY","ACH-000966","IGROV1","primary","ovary","female","OV"
"NCIH889_LUNG","ACH-000297","NCI-H889","metastasis","lung","female","SCLC"
"NCIH211_LUNG","ACH-000639","NCI-H211","metastasis","lung","female","SCLC"
"MDAPCA2B_PROSTATE","ACH-000952","MDA PCa 2b","metastasis","prostate","male","PRAD"
"SKMEL24_SKIN","ACH-000822","SK-MEL-24","metastasis","skin","male","SKCM"
"K029AX_SKIN","ACH-000404","K029AX","primary","skin","missing_info","SKCM"
"HT1376_URINARY_TRACT","ACH-000724","HT-1376","primary","urinary_tract","female","BLCA"
"NCIH2171_LUNG","ACH-000525","NCI-H2171","metastasis","lung","male","SCLC"
"PANC1005_PANCREAS","ACH-000060","Panc 10.05","primary","pancreas","male","PAAD"
"HS695T_SKIN","ACH-000799","Hs 695T","metastasis","skin","male","SKCM"
"LOUNH91_LUNG","ACH-000176","LOU-NH91","primary","lung","female","LUSC"
"LK2_LUNG","ACH-000769","LK-2","primary","lung","missing_info","LUSC"
"TOV21G_OVARY","ACH-000885","TOV-21G","primary","ovary","female","OV"
"SKMEL3_SKIN","ACH-000423","SK-MEL-3","metastasis","skin","female","SKCM"
"ASPC1_PANCREAS","ACH-000222","AsPC-1","metastasis","pancreas","female","PAAD"
"OVSAHO_OVARY","ACH-000409","OVSAHO","metastasis","ovary","female","OV"
"NCIH441_LUNG","ACH-000638","NCI-H441","metastasis","lung","missing_info","LUAD"
"RERFLCSQ1_LUNG","ACH-000442","RERF-LC-Sq1","primary","lung","female","LUSC"
"NCIH2030_LUNG","ACH-000521","NCI-H2030","metastasis","lung","male","LUAD"
"HMCB_SKIN","ACH-000931","HMCB","primary","skin","missing_info","SKCM"
"FUOV1_OVARY","ACH-000574","FU-OV-1","primary","ovary","female","OV"
"MALME3M_SKIN","ACH-000477","Malme-3M","metastasis","skin","male","SKCM"
"KMS12BM_HAEMATOPOIETIC_AND_LYMPHOID_TISSUE","ACH-000380","KMS-12-BM","primary","haematopoietic_and_lymphoid_tissue","female","MM"
"T98G_CENTRAL_NERVOUS_SYSTEM","ACH-000571","T98G","primary","central_nervous_system","male","GBM"
"HL60_HAEMATOPOIETIC_AND_LYMPHOID_TISSUE","ACH-000002","HL-60","primary","haematopoietic_and_lymphoid_tissue","female","LAML"
"DBTRG05MG_CENTRAL_NERVOUS_SYSTEM","ACH-000863","DBTRG-05MG","primary","central_nervous_system","female","GBM"
"HEYA8_OVARY","ACH-000542","Hey-A8","metastasis","ovary","female","OV"
"NCIH2122_LUNG","ACH-000311","NCI-H2122","metastasis","lung","female","LUAD"
"MELJUSO_SKIN","ACH-000881","MEL-JUSO","primary","skin","female","SKCM"
"SW620_LARGE_INTESTINE","ACH-000651","SW620","metastasis","large_intestine","male","COAD/READ"
"HCT116_LARGE_INTESTINE","ACH-000971","HCT 116","primary","large_intestine","male","COAD/READ"
"VMRCRCZ_KIDNEY","ACH-000171","VMRC-RCZ","primary","kidney","missing_info","KIRC"
"DU145_PROSTATE","ACH-000979","DU 145","metastasis","prostate","male","PRAD"
"MM1S_HAEMATOPOIETIC_AND_LYMPHOID_TISSUE","ACH-000763","MM1-S","primary","haematopoietic_and_lymphoid_tissue","missing_info","MM"
"L33_PANCREAS","ACH-000685","L3.3","metastasis","pancreas","missing_info","PAAD"
"A549_LUNG","ACH-000681","A549","primary","lung","male","LUAD"
"A172_CENTRAL_NERVOUS_SYSTEM","ACH-000558","A172","primary","central_nervous_system","male","GBM"
"NCIH1975_LUNG","ACH-000587","NCI-H1975","primary","lung","female","LUAD"
"COLO679_SKIN","ACH-000805","COLO-679","metastasis","skin","female","SKCM"
"KP2_PANCREAS","ACH-000281","KP-2","primary","pancreas","female","PAAD"
"HUH1_LIVER","ACH-000475","huH-1","primary","liver","male","LIHC"
"MDAMB453_BREAST","ACH-000910","MDA-MB-453","metastasis","breast","female","BRCA"
"PANC0403_PANCREAS","ACH-000235","Panc 04.03","primary","pancreas","male","PAAD"
"TYKNU_OVARY","ACH-000430","TYK-nu","primary","ovary","female","UNABLE TO CLASSIFY"
"OVISE_OVARY","ACH-000527","OVISE","metastasis","ovary","female","OV"
"EFM19_BREAST","ACH-000330","EFM-19","metastasis","breast","female","BRCA"
"MELHO_SKIN","ACH-000450","MEL-HO","primary","skin","female","SKCM"
"RL_HAEMATOPOIETIC_AND_LYMPHOID_TISSUE","ACH-000371","RL","metastasis","haematopoietic_and_lymphoid_tissue","male","DLBC"
"G361_SKIN","ACH-000572","G-361","primary","skin","male","SKCM"
"NCIH647_LUNG","ACH-000378","NCI-H647","metastasis","lung","male","LUAD"
"GMS10_CENTRAL_NERVOUS_SYSTEM","ACH-000102","GMS-10","primary","central_nervous_system","male","GBM"
"SEM_HAEMATOPOIETIC_AND_LYMPHOID_TISSUE","ACH-000782","SEM","primary","haematopoietic_and_lymphoid_tissue","female","ALL"
"HLFA_FIBROBLAST","ACH-000797","HLF-a","primary","lung","female","LUSC"
"HCC44_LUNG","ACH-000667","HCC-44","primary","lung","female","LUAD"
"KYSE70_OESOPHAGUS","ACH-000784","KYSE-70","primary","oesophagus","male","ESCA"
"GAMG_CENTRAL_NERVOUS_SYSTEM","ACH-000098","GAMG","primary","central_nervous_system","female","LGG"
"NCIH522_LUNG","ACH-000343","NCI-H522","primary","lung","male","LUAD"
"EN_ENDOMETRIUM","ACH-000978","EN","primary","endometrium","female","UCEC"
"PK59_PANCREAS","ACH-000205","PK-59","primary","pancreas","missing_info","PAAD"
"COLO741_SKIN","ACH-000582","COLO 741","metastasis","skin","female","SKCM"
"HDMYZ_HAEMATOPOIETIC_AND_LYMPHOID_TISSUE","ACH-000190","HD-MY-Z","metastasis","haematopoietic_and_lymphoid_tissue","missing_info",NA
"NCIH661_LUNG","ACH-000853","NCI-H661","metastasis","lung","male",NA
"LNCAPCLONEFGC_PROSTATE","ACH-000977","LNCaP clone FGC","metastasis","prostate","male","PRAD"
"LS411N_LARGE_INTESTINE","ACH-000985","LS411N","primary","large_intestine","male","COAD/READ"
"HCC78_LUNG","ACH-000562","HCC-78","metastasis","lung","male","LUAD"
"YKG1_CENTRAL_NERVOUS_SYSTEM","ACH-000570","YKG1","primary","central_nervous_system","female","GBM"
"ESS1_ENDOMETRIUM","ACH-000913","ESS-1","primary","endometrium","female","UCEC"
"U251MG_CENTRAL_NERVOUS_SYSTEM","ACH-000232","U-251 MG","primary","central_nervous_system","male","GBM"
"TE11_OESOPHAGUS","ACH-000488","TE-11","primary","oesophagus","missing_info","ESCA"
"KS1_CENTRAL_NERVOUS_SYSTEM","ACH-000631","KS-1","primary","central_nervous_system","female","GBM"
"HEC1A_ENDOMETRIUM","ACH-000954","HEC-1-A","primary","endometrium","female","UCEC"
"TE1_OESOPHAGUS","ACH-000647","TE-1","primary","oesophagus","male","ESCA"
"JHUEM2_ENDOMETRIUM","ACH-000909","JHUEM-2","primary","endometrium","female","UCEC"
"RERFLCAD1_LUNG","ACH-000791","RERF-LC-Ad1","primary","lung","male","LUAD"
"TE5_OESOPHAGUS","ACH-000408","TE-5","primary","oesophagus","female","ESCA"
"KELLY_AUTONOMIC_GANGLIA","ACH-000259","KELLY","primary","autonomic_ganglia","missing_info","NB"
"NCIH1155_LUNG","ACH-000980","NCI-H1155","metastasis","lung","male",NA
"TE15_OESOPHAGUS","ACH-000353","TE-15","primary","oesophagus","female","ESCA"
"ABC1_LUNG","ACH-000528","ABC-1","primary","lung","male","LUAD"
"NCIH1703_LUNG","ACH-000747","NCI-H1703","primary","lung","male","LUSC"
"AGS_STOMACH","ACH-000880","AGS","primary","stomach","female","STAD"
"QGP1_PANCREAS","ACH-000347","QGP-1","primary","pancreas","male","PAAD"
"DETROIT562_UPPER_AERODIGESTIVE_TRACT","ACH-000207","Detroit 562","metastasis","upper_aerodigestive_tract","female","HNSC"
"BT474_BREAST","ACH-000927","BT-474","primary","breast","female","BRCA"
"ACHN_KIDNEY","ACH-000046","ACHN","metastasis","kidney","male","KIRC"
"LOVO_LARGE_INTESTINE","ACH-000950","LoVo","metastasis","large_intestine","male","COAD/READ"
"NCIH1581_LUNG","ACH-000015","NCI-H1581","primary","lung","male",NA
"SCABER_URINARY_TRACT","ACH-000839","SCaBER","primary","urinary_tract","male","BLCA"
"SKMEL30_SKIN","ACH-000810","SK-MEL-30","metastasis","skin","male","SKCM"
"OVKATE_OVARY","ACH-000443","OVKATE","primary","ovary","female","OV"
"C32_SKIN","ACH-000580","C32","primary","skin","male","SKCM"
"PANC0327_PANCREAS","ACH-000139","Panc 03.27","primary","pancreas","female","PAAD"
"RPMI8226_HAEMATOPOIETIC_AND_LYMPHOID_TISSUE","ACH-000817","RPMI 8226","primary","haematopoietic_and_lymphoid_tissue","male","MM"
"ES2_OVARY","ACH-000906","ES-2","primary","ovary","female","OV"
"NCIH1395_LUNG","ACH-000327","NCI-H1395","primary","lung","female","LUAD"
"NCIH1781_LUNG","ACH-000379","NCI-H1781","metastasis","lung","female","LUAD"
"LS1034_LARGE_INTESTINE","ACH-000252","LS1034","primary","large_intestine","male","COAD/READ"
"G402_SOFT_TISSUE","ACH-000375","G-402","primary","soft_tissue","female","SARC"
"NCIH146_LUNG","ACH-000506","NCI-H146","metastasis","lung","male","SCLC"
"SW48_LARGE_INTESTINE","ACH-000958","SW48","primary","large_intestine","female","COAD/READ"
"CHP212_AUTONOMIC_GANGLIA","ACH-000120","CHP-212","primary","autonomic_ganglia","missing_info","NB"
"LS180_LARGE_INTESTINE","ACH-000957","LS 180","primary","large_intestine","female","COAD/READ"
"SW403_LARGE_INTESTINE","ACH-000820","SW403","primary","large_intestine","female","COAD/READ"
"NCIH747_LARGE_INTESTINE","ACH-000403","NCI-H747","metastasis","large_intestine","male","COAD/READ"
"RT4_URINARY_TRACT","ACH-000242","RT4","primary","urinary_tract","male","BLCA"
"KATOIII_STOMACH","ACH-000793","KATO III","metastasis","stomach","male","STAD"
"BDCM_HAEMATOPOIETIC_AND_LYMPHOID_TISSUE","ACH-000080","BDCM","primary","haematopoietic_and_lymphoid_tissue","male","ALL"
"SW1417_LARGE_INTESTINE","ACH-000236","SW1417","primary","large_intestine","female","COAD/READ"
"SW948_LARGE_INTESTINE","ACH-000680","SW948","primary","large_intestine","female","COAD/READ"
"HS606T_FIBROBLAST","ACH-000540","Hs 606.T","primary","breast","female",NA
"MDAMB415_BREAST","ACH-000876","MDA-MB-415","metastasis","breast","female","BRCA"
"DMS79_LUNG","ACH-000703","DMS 79","primary","lung","missing_info","SCLC"
"NCIH2106_LUNG","ACH-000904","NCI-H2106","metastasis","lung","male",NA
"SW579_THYROID","ACH-000163","SW579","primary","thyroid","male","THCA"
"MDAMB468_BREAST","ACH-000849","MDA-MB-468","metastasis","breast","female","BRCA"
"NCIH526_LUNG","ACH-000767","NCI-H526","metastasis","lung","male","SCLC"
"TOV112D_OVARY","ACH-000048","TOV-112D","primary","ovary","female","OV"
"BT549_BREAST","ACH-000288","BT-549","primary","breast","female","BRCA"
"NCIH2196_LUNG","ACH-000399","NCI-H2196","metastasis","lung","male","SCLC"
"CAL851_BREAST","ACH-000857","CAL-85-1","primary","breast","female","BRCA"
"EFO21_OVARY","ACH-000308","EFO-21","metastasis","ovary","female","OV"
"A375_SKIN","ACH-000219","A-375","primary","skin","female","SKCM"
"HT29_LARGE_INTESTINE","ACH-000552","HT-29","primary","large_intestine","female","COAD/READ"
"NCIH446_LUNG","ACH-000800","NCI-H446","metastasis","lung","male","SCLC"
"HS294T_SKIN","ACH-000014","Hs 294T","metastasis","skin","male","SKCM"
"SKMEL5_SKIN","ACH-000730","SK-MEL-5","metastasis","skin","female","SKCM"
"HS944T_SKIN","ACH-000632","Hs 944.T","metastasis","skin","male","SKCM"
"TCCPAN2_PANCREAS","ACH-000502","TCC-PAN2","primary","pancreas","female","PAAD"
"RMGI_OVARY","ACH-000719","RMG-I","primary","ovary","female","OV"
"PC3_PROSTATE","ACH-000090","PC-3","metastasis","prostate","male","PRAD"
"K562_HAEMATOPOIETIC_AND_LYMPHOID_TISSUE","ACH-000551","K-562","metastasis","haematopoietic_and_lymphoid_tissue","female","LCML"
"RT112_URINARY_TRACT","ACH-000473","RT-112","primary","urinary_tract","female","BLCA"
"NUGC3_STOMACH","ACH-000911","NUGC-3","primary","stomach","male","STAD"
"U87MG_CENTRAL_NERVOUS_SYSTEM","ACH-000075","U-87 MG","primary","central_nervous_system","female","GBM"
"CAKI2_KIDNEY","ACH-000234","Caki-2","primary","kidney","male","KIRC"
"OE19_OESOPHAGUS","ACH-000679","OE19","primary","oesophagus","male","ESCA"
"KMRC2_KIDNEY","ACH-000709","KMRC-2","primary","kidney","male","KIRC"
"JHH2_LIVER","ACH-000577","JHH-2","metastasis","liver","male","LIHC"
"IM95_STOMACH","ACH-000919","IM95","primary","stomach","male","STAD"
"MV411_HAEMATOPOIETIC_AND_LYMPHOID_TISSUE","ACH-000045","MV-4-11","primary","haematopoietic_and_lymphoid_tissue","male","LAML"
"WM2664_SKIN","ACH-001239","WM-266-4","metastasis","skin","female","SKCM"
"KMRC1_KIDNEY","ACH-000684","KMRC-1","primary","kidney","male","KIRC"
"KM12_LARGE_INTESTINE","ACH-000969","KM12","primary","large_intestine","missing_info","COAD/READ"
"T84_LARGE_INTESTINE","ACH-000381","T84","metastasis","large_intestine","male","COAD/READ"
"CALU1_LUNG","ACH-000511","Calu-1","metastasis","lung","male","LUSC"
"LOXIMVI_SKIN","ACH-000750","LOX IMVI","primary","skin","male","SKCM"
"NCIH2170_LUNG","ACH-000481","NCI-H2170","primary","lung","male","LUSC"
"SQ1_LUNG","ACH-000553","Sq-1","primary","lung","missing_info","LUSC"
"AN3CA_ENDOMETRIUM","ACH-000940","AN3 CA","metastasis","endometrium","female","UCEC"
"NCIH2444_LUNG","ACH-000186","NCI-H2444","primary","lung","male","UNABLE TO CLASSIFY"
"UACC257_SKIN","ACH-000579","UACC-257","primary","skin","missing_info","SKCM"
"KYSE510_OESOPHAGUS","ACH-000824","KYSE-510","primary","oesophagus","female","ESCA"
"MOLM13_HAEMATOPOIETIC_AND_LYMPHOID_TISSUE","ACH-000362","MOLM-13","primary","haematopoietic_and_lymphoid_tissue","male","LAML"
"HUPT4_PANCREAS","ACH-000213","HUP-T4","metastasis","pancreas","male","PAAD"
"KYSE30_OESOPHAGUS","ACH-000777","KYSE-30","primary","oesophagus","male","ESCA"
"KYSE150_OESOPHAGUS","ACH-000855","KYSE-150","primary","oesophagus","female","ESCA"
"PSN1_PANCREAS","ACH-000320","PSN1","primary","pancreas","missing_info","PAAD"
"NCIH1299_LUNG","ACH-000510","NCI-H1299","metastasis","lung","male",NA
"PATU8988T_PANCREAS","ACH-000023","PA-TU-8988T","metastasis","pancreas","female","PAAD"
"IGR37_SKIN","ACH-000650","IGR-37","metastasis","skin","male","SKCM"
"LN443_CENTRAL_NERVOUS_SYSTEM","ACH-000673","LN-443","","central_nervous_system","male",NA
"SLR23_KIDNEY","ACH-000246","SLR 23","primary","kidney","missing_info","KIRC"
"HMEL_BREAST","ACH-000642","HMEL","","breast","missing_info","BRCA"
"OELE_OVARY","ACH-000494","OELE","","ovary","missing_info","OV"
"LN235_CENTRAL_NERVOUS_SYSTEM","ACH-000591","LN-235","","central_nervous_system","male",NA
"LN428_CENTRAL_NERVOUS_SYSTEM","ACH-000455","LN-428","","central_nervous_system","male",NA
"SLR24_KIDNEY","ACH-000272","SLR 24","primary","kidney","missing_info","KIRC"
"EWS502_BONE","ACH-000279","EWS502","","bone","missing_info",NA
"SALE_LUNG","ACH-000064","SALE","","lung","missing_info",NA
"HCC2814_LUNG","ACH-000690","HCC-2814","","lung","missing_info",NA
"TIG3TD_FIBROBLAST","ACH-001207","TIG-3 TD","","lung","missing_info",NA
"SF172_CENTRAL_NERVOUS_SYSTEM","ACH-000887","SF-172","","central_nervous_system","female",NA
"PRECLH_PROSTATE","ACH-000170","PrEC LH","","prostate","missing_info","PRAD"
"U343_CENTRAL_NERVOUS_SYSTEM","ACH-000036","U343","","central_nervous_system","missing_info",NA
"LN215_CENTRAL_NERVOUS_SYSTEM","ACH-000328","LN-215","","central_nervous_system","missing_info",NA
"LN464_CENTRAL_NERVOUS_SYSTEM","ACH-000676","LN-464","","central_nervous_system","male",NA
"SLR25_KIDNEY","ACH-000300","SLR 25","primary","kidney","missing_info","KIRC"
"U178_CENTRAL_NERVOUS_SYSTEM","ACH-000208","U-178","","central_nervous_system","male",NA
"HEKTE_KIDNEY","ACH-000049","HEK TE","","kidney","missing_info","KIRC"
"SLR26_KIDNEY","ACH-000600","SLR 26","primary","kidney","missing_info","KIRC"
"SKRC20_KIDNEY","ACH-000385","SK-RC-20","","kidney","missing_info","KIRC"
"SF767_CERVIX","ACH-000490","SF767","","central_nervous_system","female","CESC"
"A1207_CENTRAL_NERVOUS_SYSTEM","ACH-000283","A1207","","central_nervous_system","female",NA
"LN319_CENTRAL_NERVOUS_SYSTEM","ACH-000128","LN-319","","central_nervous_system","male",NA
"HCC364_LUNG","ACH-000575","HCC364","","lung","missing_info",NA
"LN382_CENTRAL_NERVOUS_SYSTEM","ACH-000215","LN382","","central_nervous_system","male",NA
"IOMMLEE_CENTRAL_NERVOUS_SYSTEM","ACH-000629","IOMM-Lee","","central_nervous_system","missing_info",NA
"SLR21_KIDNEY","ACH-000016","SLR 21","primary","kidney","missing_info","KIRC"
"LNZ308_CENTRAL_NERVOUS_SYSTEM","ACH-000760","LNZ308","","central_nervous_system","female","LGG"
"LN340_CENTRAL_NERVOUS_SYSTEM","ACH-000634","LN-340","","central_nervous_system","male",NA
"HCC827GR5_LUNG","ACH-000029","HCC827 GR5","","lung","missing_info",NA
"SLR20_KIDNEY","ACH-000127","SLR 20","primary","kidney","missing_info","KIRC"
"EW8_BONE","ACH-000499","EW8","","bone","missing_info",NA
"UOK101_KIDNEY","ACH-000262","UOK101","","kidney","female","KIRC"
"JHESOAD1_OESOPHAGUS","ACH-000216","JH-EsoAd1","","oesophagus","male","ESCA"
"CH157MN_CENTRAL_NERVOUS_SYSTEM","ACH-000025","CH-157MN","","central_nervous_system","missing_info",NA
"MOLP2_HAEMATOPOIETIC_AND_LYMPHOID_TISSUE","ACH-000453","MOLP-2","primary","haematopoietic_and_lymphoid_tissue","male","MM"
"SCC25_UPPER_AERODIGESTIVE_TRACT","ACH-000188","SCC-25","primary","upper_aerodigestive_tract","male","HNSC"
"MHHNB11_AUTONOMIC_GANGLIA","ACH-000078","MHH-NB-11","metastasis","autonomic_ganglia","male","NB"
"HCC1806_BREAST","ACH-000624","HCC1806","primary","breast","female","BRCA"
"GRANTA519_HAEMATOPOIETIC_AND_LYMPHOID_TISSUE","ACH-000073","GRANTA-519","primary","haematopoietic_and_lymphoid_tissue","female","DLBC"
"MONOMAC6_HAEMATOPOIETIC_AND_LYMPHOID_TISSUE","ACH-000006","MONO-MAC-6","primary","haematopoietic_and_lymphoid_tissue","male","LAML"
"MKN7_STOMACH","ACH-000678","MKN7","metastasis","stomach","male","STAD"
"SW1710_URINARY_TRACT","ACH-000566","SW-1710","primary","urinary_tract","female","BLCA"
"MOLT13_HAEMATOPOIETIC_AND_LYMPHOID_TISSUE","ACH-000795","MOLT-13","primary","haematopoietic_and_lymphoid_tissue","female","ALL"
"SR786_HAEMATOPOIETIC_AND_LYMPHOID_TISSUE","ACH-000338","SR-786","metastasis","haematopoietic_and_lymphoid_tissue","male",NA
"SCC15_UPPER_AERODIGESTIVE_TRACT","ACH-000254","SCC-15","primary","upper_aerodigestive_tract","male","HNSC"
"RS5_FIBROBLAST","ACH-000531","RS-5","metastasis","pleura","male",NA
"NCIH2126_LUNG","ACH-000785","NCI-H2126","metastasis","lung","male","LUAD"
"NCIH1385_LUNG","ACH-000737","NCI-H1385","metastasis","lung","missing_info","LUSC"
"HCC827_LUNG","ACH-000012","HCC827","primary","lung","female","LUAD"
"RD_SOFT_TISSUE","ACH-000169","RD","primary","soft_tissue","female","SARC"
"TT_THYROID","ACH-001321","TT","primary","thyroid","female","THCA"
"TF1_HAEMATOPOIETIC_AND_LYMPHOID_TISSUE","ACH-000387","TF-1","primary","haematopoietic_and_lymphoid_tissue","male","LAML"
"HS172T_FIBROBLAST","ACH-000088","Hs 172.T","primary","urinary_tract","male",NA
"HS834T_FIBROBLAST","ACH-000275","Hs 834.T","metastasis","skin","missing_info",NA
"TE125T_FIBROBLAST","ACH-000079","TE 125.T","primary","soft_tissue","female","SARC"
"UACC812_BREAST","ACH-000568","UACC-812","primary","breast","female","BRCA"
"ALLSIL_HAEMATOPOIETIC_AND_LYMPHOID_TISSUE","ACH-000105","ALL-SIL","primary","haematopoietic_and_lymphoid_tissue","male","ALL"
"KASUMI2_HAEMATOPOIETIC_AND_LYMPHOID_TISSUE","ACH-000728","KASUMI-2","primary","haematopoietic_and_lymphoid_tissue","male","ALL"
"DND41_HAEMATOPOIETIC_AND_LYMPHOID_TISSUE","ACH-000981","DND-41","primary","haematopoietic_and_lymphoid_tissue","male","ALL"
"ME1_HAEMATOPOIETIC_AND_LYMPHOID_TISSUE","ACH-000439","ME-1","primary","haematopoietic_and_lymphoid_tissue","male","LAML"
"DM3_FIBROBLAST","ACH-000742","DM-3","metastasis","pleura","male",NA
"JEKO1_HAEMATOPOIETIC_AND_LYMPHOID_TISSUE","ACH-000357","JeKo-1","primary","haematopoietic_and_lymphoid_tissue","female","DLBC"
"JJN3_HAEMATOPOIETIC_AND_LYMPHOID_TISSUE","ACH-000653","JJN-3","primary","haematopoietic_and_lymphoid_tissue","female","MM"
"NUDHL1_HAEMATOPOIETIC_AND_LYMPHOID_TISSUE","ACH-000388","NU-DHL-1","metastasis","haematopoietic_and_lymphoid_tissue","male","DLBC"
"CL14_LARGE_INTESTINE","ACH-000342","CL-14","primary","large_intestine","male","COAD/READ"
"KYO1_HAEMATOPOIETIC_AND_LYMPHOID_TISSUE","ACH-000604","KYO-1","primary","haematopoietic_and_lymphoid_tissue","male","LCML"
"JL1_PLEURA","ACH-000645","JL-1","primary","pleura","male","MESO"
"CAL148_BREAST","ACH-000902","CAL-148","metastasis","breast","female","BRCA"
"NALM19_HAEMATOPOIETIC_AND_LYMPHOID_TISSUE","ACH-000130","NALM-19","primary","haematopoietic_and_lymphoid_tissue","male","ALL"
"HPBALL_HAEMATOPOIETIC_AND_LYMPHOID_TISSUE","ACH-000942","HPB-ALL","primary","haematopoietic_and_lymphoid_tissue","male","ALL"
"SUPT11_HAEMATOPOIETIC_AND_LYMPHOID_TISSUE","ACH-000122","SUP-T11","primary","haematopoietic_and_lymphoid_tissue","male",NA
"CL40_LARGE_INTESTINE","ACH-000798","CL-40","primary","large_intestine","female","COAD/READ"
"MDAMB134VI_BREAST","ACH-000044","MDA-MB-134-VI","metastasis","breast","female","BRCA"
"HCC1500_BREAST","ACH-000349","HCC1500","primary","breast","female","BRCA"
"HCC1599_BREAST","ACH-000196","HCC1599","primary","breast","female","BRCA"
"OCIAML3_HAEMATOPOIETIC_AND_LYMPHOID_TISSUE","ACH-000336","OCI-AML3","primary","haematopoietic_and_lymphoid_tissue","male","LAML"
"SUDHL10_HAEMATOPOIETIC_AND_LYMPHOID_TISSUE","ACH-000271","SU-DHL-10","metastasis","haematopoietic_and_lymphoid_tissue","male","DLBC"
"SUDHL4_HAEMATOPOIETIC_AND_LYMPHOID_TISSUE","ACH-000365","SU-DHL-4","metastasis","haematopoietic_and_lymphoid_tissue","male","DLBC"
"RH41_SOFT_TISSUE","ACH-000100","RH-41","metastasis","soft_tissue","female","SARC"
"OCILY19_HAEMATOPOIETIC_AND_LYMPHOID_TISSUE","ACH-000124","OCI-LY-19","primary","haematopoietic_and_lymphoid_tissue","female","DLBC"
"MOLM6_HAEMATOPOIETIC_AND_LYMPHOID_TISSUE","ACH-000321","MOLM-6","primary","haematopoietic_and_lymphoid_tissue","male","LCML"
"SKMM2_HAEMATOPOIETIC_AND_LYMPHOID_TISSUE","ACH-000363","SK-MM-2","primary","haematopoietic_and_lymphoid_tissue","male","MM"
"KASUMI6_HAEMATOPOIETIC_AND_LYMPHOID_TISSUE","ACH-000166","Kasumi-6","primary","haematopoietic_and_lymphoid_tissue","male","LAML"
"HS698T_FIBROBLAST","ACH-000850","Hs 698.T","metastasis","large_intestine","male","COAD/READ"
"UACC893_BREAST","ACH-000554","UACC-893","primary","breast","female","BRCA"
"MINO_HAEMATOPOIETIC_AND_LYMPHOID_TISSUE","ACH-000220","Mino","primary","haematopoietic_and_lymphoid_tissue","male","DLBC"
"CHP126_AUTONOMIC_GANGLIA","ACH-000136","CHP-126","primary","autonomic_ganglia","female","NB"
"COLO680N_OESOPHAGUS","ACH-000717","COLO-680N","primary","oesophagus","female","ESCA"
"COLO678_LARGE_INTESTINE","ACH-000350","COLO-678","metastasis","large_intestine","male","COAD/READ"
"LAMA84_HAEMATOPOIETIC_AND_LYMPHOID_TISSUE","ACH-000301","LAMA-84","primary","haematopoietic_and_lymphoid_tissue","female","LCML"
"CMLT1_HAEMATOPOIETIC_AND_LYMPHOID_TISSUE","ACH-000920","CML-T1","primary","haematopoietic_and_lymphoid_tissue","female","LCML"
"EHEB_HAEMATOPOIETIC_AND_LYMPHOID_TISSUE","ACH-000038","EHEB","primary","haematopoietic_and_lymphoid_tissue","female","CLL"
"CAL54_KIDNEY","ACH-000457","CAL-54","metastasis","kidney","male","KIRC"
"BV173_HAEMATOPOIETIC_AND_LYMPHOID_TISSUE","ACH-000432","BV-173","primary","haematopoietic_and_lymphoid_tissue","male","LCML"
"DOHH2_HAEMATOPOIETIC_AND_LYMPHOID_TISSUE","ACH-000056","DOHH-2","metastasis","haematopoietic_and_lymphoid_tissue","male","DLBC"
"EOL1_HAEMATOPOIETIC_AND_LYMPHOID_TISSUE","ACH-000198","EOL-1","primary","haematopoietic_and_lymphoid_tissue","male","LAML"
"NALM6_HAEMATOPOIETIC_AND_LYMPHOID_TISSUE","ACH-000938","NALM-6","primary","haematopoietic_and_lymphoid_tissue","male","ALL"
"VMCUB1_URINARY_TRACT","ACH-000545","VM-CUB1","primary","urinary_tract","male","BLCA"
"LP1_HAEMATOPOIETIC_AND_LYMPHOID_TISSUE","ACH-000204","LP-1","primary","haematopoietic_and_lymphoid_tissue","female","MM"
"LXF289_LUNG","ACH-000787","LXF-289","primary","lung","male","LUAD"
"MONOMAC1_HAEMATOPOIETIC_AND_LYMPHOID_TISSUE","ACH-001129","MONO-MAC-1","primary","haematopoietic_and_lymphoid_tissue","male","LAML"
"PL21_HAEMATOPOIETIC_AND_LYMPHOID_TISSUE","ACH-000218","PL-21","primary","haematopoietic_and_lymphoid_tissue","male","LAML"
"PF382_HAEMATOPOIETIC_AND_LYMPHOID_TISSUE","ACH-000937","PF-382","metastasis","haematopoietic_and_lymphoid_tissue","female","ALL"
"NALM1_HAEMATOPOIETIC_AND_LYMPHOID_TISSUE","ACH-000462","NALM-1","primary","haematopoietic_and_lymphoid_tissue","female","LCML"
"OCIAML2_HAEMATOPOIETIC_AND_LYMPHOID_TISSUE","ACH-000113","OCI-AML2","primary","haematopoietic_and_lymphoid_tissue","male","LAML"
"MHHCALL3_HAEMATOPOIETIC_AND_LYMPHOID_TISSUE","ACH-000032","MHH-CALL-3","primary","haematopoietic_and_lymphoid_tissue","female","ALL"
"JURLMK1_HAEMATOPOIETIC_AND_LYMPHOID_TISSUE","ACH-000326","JURL-MK1","primary","haematopoietic_and_lymphoid_tissue","male","LCML"
"OCIAML5_HAEMATOPOIETIC_AND_LYMPHOID_TISSUE","ACH-000065","OCI-AML5","primary","haematopoietic_and_lymphoid_tissue","male","LAML"
"KE37_HAEMATOPOIETIC_AND_LYMPHOID_TISSUE","ACH-000101","KE-37","primary","haematopoietic_and_lymphoid_tissue","male","ALL"
"JK1_HAEMATOPOIETIC_AND_LYMPHOID_TISSUE","ACH-000241","JK-1","primary","haematopoietic_and_lymphoid_tissue","male","LCML"
"RI1_HAEMATOPOIETIC_AND_LYMPHOID_TISSUE","ACH-000398","RI-1","primary","haematopoietic_and_lymphoid_tissue","female","DLBC"
"KARPAS422_HAEMATOPOIETIC_AND_LYMPHOID_TISSUE","ACH-000315","KARPAS-422","metastasis","haematopoietic_and_lymphoid_tissue","female","DLBC"
"L540_HAEMATOPOIETIC_AND_LYMPHOID_TISSUE","ACH-000806","L-540","metastasis","haematopoietic_and_lymphoid_tissue","female",NA
"CAL78_BONE","ACH-000516","CAL-78","primary","bone","male","SARC"
"HDQP1_BREAST","ACH-000643","HDQ-P1","primary","breast","female","BRCA"
"MHHCALL4_HAEMATOPOIETIC_AND_LYMPHOID_TISSUE","ACH-000156","MHH-CALL-4","primary","haematopoietic_and_lymphoid_tissue","male","ALL"
"MUTZ5_HAEMATOPOIETIC_AND_LYMPHOID_TISSUE","ACH-000492","MUTZ-5","primary","haematopoietic_and_lymphoid_tissue","male","ALL"
"ONCODG1_OVARY","ACH-000013","ONCO-DG-1","metastasis","ovary","female","OV"
"HDLM2_HAEMATOPOIETIC_AND_LYMPHOID_TISSUE","ACH-000267","HDLM-2","metastasis","haematopoietic_and_lymphoid_tissue","male",NA
"CAL29_URINARY_TRACT","ACH-000142","CAL-29","primary","urinary_tract","female","BLCA"
"KOPN8_HAEMATOPOIETIC_AND_LYMPHOID_TISSUE","ACH-001106","KOPN-8","primary","haematopoietic_and_lymphoid_tissue","female","ALL"
"SCLC21H_LUNG","ACH-000659","SCLC-21H","metastasis","lung","male","SCLC"
"CALU3_LUNG","ACH-000392","Calu-3","metastasis","lung","male","LUAD"
"NCIH1435_LUNG","ACH-000852","NCI-H1435","primary","lung","female","LUAD"
"NCIH2009_LUNG","ACH-000886","NCI-H2009","metastasis","lung","female","LUAD"
"NCIH1869_LUNG","ACH-000894","NCI-H1869","metastasis","lung","male","LUSC"
"HS852T_SKIN","ACH-000274","Hs 852.T","primary","skin","missing_info","SKCM"
"HCC1419_BREAST","ACH-000277","HCC1419","primary","breast","female","BRCA"
"BT483_BREAST","ACH-000818","BT-483","primary","breast","female","BRCA"
"HS281T_FIBROBLAST","ACH-000083","Hs 281.T","primary","breast","female",NA
"HS934T_FIBROBLAST","ACH-000194","Hs 934.T","primary","skin","female","SKCM"
"HCC4006_LUNG","ACH-000066","HCC4006","metastasis","lung","male","LUAD"
"HCC1428_BREAST","ACH-000352","HCC1428","metastasis","breast","female","BRCA"
"KU812_HAEMATOPOIETIC_AND_LYMPHOID_TISSUE","ACH-000074","KU812","primary","haematopoietic_and_lymphoid_tissue","male","LCML"
"SHP77_LUNG","ACH-000790","SHP-77","primary","lung","male","SCLC"
"TE441T_SOFT_TISSUE","ACH-000772","TE 441.T","primary","soft_tissue","female","SARC"
"NB1_AUTONOMIC_GANGLIA","ACH-000804","NB-1","metastasis","autonomic_ganglia","male","NB"
"HS274T_FIBROBLAST","ACH-000134","Hs 274.T","primary","breast","female",NA
"PFEIFFER_HAEMATOPOIETIC_AND_LYMPHOID_TISSUE","ACH-000140","Pfeiffer","metastasis","haematopoietic_and_lymphoid_tissue","male","DLBC"
"ZR7530_BREAST","ACH-000828","ZR-75-30","metastasis","breast","female","BRCA"
"HS863T_FIBROBLAST","ACH-000119","Hs 863.T","primary","bone","female","SARC"
"NCIH841_LUNG","ACH-000292","NCI-H841","metastasis","lung","male","SCLC"
"HS821T_FIBROBLAST","ACH-000526","Hs 821.T","primary","bone","female",NA
"NCIH1944_LUNG","ACH-000414","NCI-H1944","metastasis","lung","female","LUAD"
"NCIH2405_LUNG","ACH-000121","NCI-H2405","metastasis","lung","male","LUAD"
"DEL_HAEMATOPOIETIC_AND_LYMPHOID_TISSUE","ACH-000233","DEL","metastasis","haematopoietic_and_lymphoid_tissue","male",NA
"BEN_LUNG","ACH-000603","BEN","metastasis","lung","male","UNABLE TO CLASSIFY"
"COLO320_LARGE_INTESTINE","ACH-000202","COLO-320","primary","large_intestine","female","COAD/READ"
"RPMI8402_HAEMATOPOIETIC_AND_LYMPHOID_TISSUE","ACH-000636","RPMI-8402","primary","haematopoietic_and_lymphoid_tissue","female","ALL"
"SUDHL1_HAEMATOPOIETIC_AND_LYMPHOID_TISSUE","ACH-000664","SU-DHL-1","metastasis","haematopoietic_and_lymphoid_tissue","male",NA
"P12ICHIKAWA_HAEMATOPOIETIC_AND_LYMPHOID_TISSUE","ACH-000372","P12-ICHIKAWA","primary","haematopoietic_and_lymphoid_tissue","male","ALL"
"BFTC905_URINARY_TRACT","ACH-000802","BFTC-905","primary","urinary_tract","female","BLCA"
"BFTC909_KIDNEY","ACH-000792","BFTC-909","primary","kidney","male","KIRC"
"MHHES1_BONE","ACH-000391","MHH-ES-1","metastasis","bone","male","SARC"
"JVM3_HAEMATOPOIETIC_AND_LYMPHOID_TISSUE","ACH-000346","JVM-3","primary","haematopoietic_and_lymphoid_tissue","male","CLL"
"NOMO1_HAEMATOPOIETIC_AND_LYMPHOID_TISSUE","ACH-000168","NOMO-1","primary","haematopoietic_and_lymphoid_tissue","female","LAML"
"NCIH727_LUNG","ACH-000775","NCI-H727","primary","lung","female",NA
"HS343T_FIBROBLAST","ACH-000184","Hs 343.T","primary","breast","female",NA
"HCC2935_LUNG","ACH-000150","HCC2935","primary","lung","male",NA
"HS888T_FIBROBLAST","ACH-000154","Hs 888.T","metastasis","bone","male",NA
"MKN45_STOMACH","ACH-000356","MKN-45","metastasis","stomach","female","STAD"
"KU1919_URINARY_TRACT","ACH-000486","KU-19-19","primary","urinary_tract","male","BLCA"
"KCL22_HAEMATOPOIETIC_AND_LYMPHOID_TISSUE","ACH-000983","KCL-22","metastasis","haematopoietic_and_lymphoid_tissue","female","LCML"
"CADOES1_BONE","ACH-000210","CADO-ES1","metastasis","bone","female","SARC"
"S117_THYROID","ACH-000037","S-117","primary","soft_tissue","female","SARC"
"EM2_HAEMATOPOIETIC_AND_LYMPHOID_TISSUE","ACH-000295","EM-2","primary","haematopoietic_and_lymphoid_tissue","female","LCML"
"OPM2_HAEMATOPOIETIC_AND_LYMPHOID_TISSUE","ACH-000024","OPM-2","primary","haematopoietic_and_lymphoid_tissue","female","MM"
"CAL62_THYROID","ACH-000174","CAL-62","primary","thyroid","female","THCA"
"LCLC103H_LUNG","ACH-000627","LCLC-103H","metastasis","lung","male",NA
"JURKAT_HAEMATOPOIETIC_AND_LYMPHOID_TISSUE","ACH-000995","JURKAT","primary","haematopoietic_and_lymphoid_tissue","male","ALL"
"MHHCALL2_HAEMATOPOIETIC_AND_LYMPHOID_TISSUE","ACH-000020","MHH-CALL-2","primary","haematopoietic_and_lymphoid_tissue","female","ALL"
"M07E_HAEMATOPOIETIC_AND_LYMPHOID_TISSUE","ACH-000602","M-07e","primary","haematopoietic_and_lymphoid_tissue","female","LAML"
"L428_HAEMATOPOIETIC_AND_LYMPHOID_TISSUE","ACH-000754","L-428","metastasis","haematopoietic_and_lymphoid_tissue","female",NA
"MOLT16_HAEMATOPOIETIC_AND_LYMPHOID_TISSUE","ACH-000918","MOLT-16","primary","haematopoietic_and_lymphoid_tissue","female","ALL"
"NB4_HAEMATOPOIETIC_AND_LYMPHOID_TISSUE","ACH-000294","NB-4","primary","haematopoietic_and_lymphoid_tissue","female","LAML"
"LCLC97TM1_LUNG","ACH-000596","LCLC-97TM1","primary","lung","male",NA
"BHT101_THYROID","ACH-000191","BHT-101","metastasis","thyroid","female","THCA"
"JVM2_HAEMATOPOIETIC_AND_LYMPHOID_TISSUE","ACH-000106","JVM-2","primary","haematopoietic_and_lymphoid_tissue","female","CLL"
"CAL51_BREAST","ACH-000856","CAL-51","metastasis","breast","female","BRCA"
"L363_HAEMATOPOIETIC_AND_LYMPHOID_TISSUE","ACH-000183","L-363","primary","haematopoietic_and_lymphoid_tissue","female","MM"
"KMH2_HAEMATOPOIETIC_AND_LYMPHOID_TISSUE","ACH-000815","KM-H2","metastasis","haematopoietic_and_lymphoid_tissue","male",NA
"SIMA_AUTONOMIC_GANGLIA","ACH-000099","SIMA","primary","autonomic_ganglia","male","NB"
"NUDUL1_HAEMATOPOIETIC_AND_LYMPHOID_TISSUE","ACH-000287","NU-DUL-1","metastasis","haematopoietic_and_lymphoid_tissue","male","DLBC"
"BC3C_URINARY_TRACT","ACH-000593","BC-3C","primary","urinary_tract","female","BLCA"
"SUDHL6_HAEMATOPOIETIC_AND_LYMPHOID_TISSUE","ACH-000611","SU-DHL-6","metastasis","haematopoietic_and_lymphoid_tissue","male","DLBC"
"KARPAS620_HAEMATOPOIETIC_AND_LYMPHOID_TISSUE","ACH-000193","KARPAS-620","primary","haematopoietic_and_lymphoid_tissue","female","MM"
"REC1_HAEMATOPOIETIC_AND_LYMPHOID_TISSUE","ACH-000068","REC-1","primary","haematopoietic_and_lymphoid_tissue","male","DLBC"
"OCIM1_HAEMATOPOIETIC_AND_LYMPHOID_TISSUE","ACH-000751","OCI-M1","primary","haematopoietic_and_lymphoid_tissue","missing_info","LAML"
"MEC1_HAEMATOPOIETIC_AND_LYMPHOID_TISSUE","ACH-000405","MEC-1","primary","haematopoietic_and_lymphoid_tissue","male","CLL"
"SIGM5_HAEMATOPOIETIC_AND_LYMPHOID_TISSUE","ACH-000112","SIG-M5","primary","haematopoietic_and_lymphoid_tissue","male","LAML"
"SUDHL5_HAEMATOPOIETIC_AND_LYMPHOID_TISSUE","ACH-000660","SU-DHL-5","primary","haematopoietic_and_lymphoid_tissue","female","DLBC"
"BCPAP_THYROID","ACH-000456","B-CPAP","primary","thyroid","female","THCA"
"CL11_LARGE_INTESTINE","ACH-000249","CL-11","primary","large_intestine","missing_info","COAD/READ"
"TT2609C02_THYROID","ACH-000716","TT2609-C02","primary","thyroid","male","THCA"
"CL34_LARGE_INTESTINE","ACH-000895","CL-34","primary","large_intestine","female","COAD/READ"
"RCHACV_HAEMATOPOIETIC_AND_LYMPHOID_TISSUE","ACH-000922","RCH-ACV","primary","haematopoietic_and_lymphoid_tissue","female","ALL"
"CAL120_BREAST","ACH-000212","CAL-120","metastasis","breast","female","BRCA"
"RH18_SOFT_TISSUE","ACH-000689","RH-18","primary","soft_tissue","female","SARC"
"MOLM16_HAEMATOPOIETIC_AND_LYMPHOID_TISSUE","ACH-000369","MOLM-16","primary","haematopoietic_and_lymphoid_tissue","female","LAML"
"F36P_HAEMATOPOIETIC_AND_LYMPHOID_TISSUE","ACH-000487","F-36P","metastasis","haematopoietic_and_lymphoid_tissue","male","LAML"
"EJM_HAEMATOPOIETIC_AND_LYMPHOID_TISSUE","ACH-000821","EJM","primary","haematopoietic_and_lymphoid_tissue","female","MM"
"WSUDLCL2_HAEMATOPOIETIC_AND_LYMPHOID_TISSUE","ACH-000534","WSU-DLCL2","metastasis","haematopoietic_and_lymphoid_tissue","male","DLBC"
"JIMT1_BREAST","ACH-000711","JIMT-1","metastasis","breast","female","BRCA"
"ML1_THYROID","ACH-000058","ML-1","primary","thyroid","missing_info","THCA"
"AMO1_HAEMATOPOIETIC_AND_LYMPHOID_TISSUE","ACH-000838","AMO-1","primary","haematopoietic_and_lymphoid_tissue","female","MM"
"MOLP8_HAEMATOPOIETIC_AND_LYMPHOID_TISSUE","ACH-000745","MOLP-8","primary","haematopoietic_and_lymphoid_tissue","male","MM"
"JHUEM7_ENDOMETRIUM","ACH-000993","JHUEM-7","primary","endometrium","female","UCEC"
"OE21_OESOPHAGUS","ACH-000544","OE21","primary","oesophagus","male","ESCA"
"NCIH2073_LUNG","ACH-000590","NCI-H2073","primary","lung","female","LUAD"
"HNT34_HAEMATOPOIETIC_AND_LYMPHOID_TISSUE","ACH-000299",NA,NA,"missing_info","missing_info","LAML"
"PLB985_HAEMATOPOIETIC_AND_LYMPHOID_TISSUE","ACH-000034","PLB-985","","haematopoietic_and_lymphoid_tissue","missing_info","LAML"
"SKNO1_HAEMATOPOIETIC_AND_LYMPHOID_TISSUE","ACH-001656","SKNO-1","","haematopoietic_and_lymphoid_tissue","missing_info","LAML"
"MOLT3_HAEMATOPOIETIC_AND_LYMPHOID_TISSUE","ACH-000964","MOLT-3","","haematopoietic_and_lymphoid_tissue","male","ALL"
"HOP62_LUNG","ACH-000861","HOP-62","primary","lung","missing_info","LUAD"
"EKVX_LUNG","ACH-000706","EKVX","primary","lung","missing_info","LUAD"
"UO31_KIDNEY","ACH-000428","UO-31","primary","kidney","male","KIRC"
"SF268_CENTRAL_NERVOUS_SYSTEM","ACH-000655","SF268","primary","central_nervous_system","missing_info","GBM"
"SF539_CENTRAL_NERVOUS_SYSTEM","ACH-000273","SF539","primary","central_nervous_system","missing_info","LGG"
"SNB75_CENTRAL_NERVOUS_SYSTEM","ACH-000504","SNB75","primary","central_nervous_system","missing_info","GBM"
"HOP92_LUNG","ACH-000825","HOP-92","primary","lung","missing_info",NA
"MUTZ3_HAEMATOPOIETIC_AND_LYMPHOID_TISSUE","ACH-000084","MUTZ-3","primary","haematopoietic_and_lymphoid_tissue","male","LAML"
"A427_LUNG","ACH-000757",NA,NA,"missing_info","missing_info","UNABLE TO CLASSIFY"
"BT12_SOFT_TISSUE","ACH-000160",NA,NA,"missing_info","missing_info",NA
"C8166_HAEMATOPOIETIC_AND_LYMPHOID_TISSUE","ACH-000206",NA,NA,"missing_info","missing_info",NA
"CACO2_LARGE_INTESTINE","ACH-000003",NA,NA,"missing_info","missing_info","COAD/READ"
"HCC2429_LUNG","ACH-000143",NA,NA,"missing_info","missing_info",NA
"HCC2450_LUNG","ACH-000975",NA,NA,"missing_info","missing_info",NA
"HCC461_LUNG","ACH-000339",NA,NA,"missing_info","missing_info",NA
"HCC515_LUNG","ACH-000872",NA,NA,"missing_info","missing_info",NA
"INA6_HAEMATOPOIETIC_AND_LYMPHOID_TISSUE","ACH-000512",NA,NA,"missing_info","missing_info",NA
"KD_SOFT_TISSUE","ACH-001099",NA,NA,"missing_info","missing_info",NA
"KPMRTRY_SOFT_TISSUE","ACH-001109",NA,NA,"missing_info","missing_info",NA
"MON_SOFT_TISSUE","ACH-001128",NA,NA,"missing_info","missing_info",NA
"NCIH2004RT_SOFT_TISSUE","ACH-000533",NA,NA,"missing_info","missing_info",NA
"NCIH2077_LUNG","ACH-000010",NA,NA,"missing_info","missing_info",NA
"NCIH2882_LUNG","ACH-000700",NA,NA,"missing_info","missing_info",NA
"NCIH2887_LUNG","ACH-000251",NA,NA,"missing_info","missing_info",NA
"NCIH1819_LUNG","ACH-000033",NA,NA,"missing_info","missing_info",NA
"NCIH3122_LUNG","ACH-000337",NA,NA,"missing_info","missing_info","LUAD"
"NHAHTDD_CENTRAL_NERVOUS_SYSTEM","ACH-001142",NA,NA,"missing_info","missing_info",NA
"OCIMY5_HAEMATOPOIETIC_AND_LYMPHOID_TISSUE","ACH-000854",NA,NA,"missing_info","missing_info",NA
"OCIMY7_HAEMATOPOIETIC_AND_LYMPHOID_TISSUE","ACH-000436",NA,NA,"missing_info","missing_info",NA
"OPM1_HAEMATOPOIETIC_AND_LYMPHOID_TISSUE","ACH-000057",NA,NA,"missing_info","missing_info","MM"
"PC9_LUNG","ACH-000779",NA,NA,"missing_info","missing_info","LUAD"
"SKNEP1_BONE","ACH-001192",NA,NA,"missing_info","missing_info","KIRC"
"SKPNDW_BONE","ACH-001193",NA,NA,"missing_info","missing_info",NA
"STM9101_SOFT_TISSUE","ACH-001200",NA,NA,"missing_info","missing_info",NA
"SIHA_CERVIX","ACH-000556",NA,NA,"missing_info","missing_info","CESC"
"TM87_SOFT_TISSUE","ACH-000172",NA,NA,"missing_info","missing_info",NA
"TTC709_SOFT_TISSUE","ACH-000597",NA,NA,"missing_info","missing_info",NA
"TTC1240_SOFT_TISSUE","ACH-001210",NA,NA,"missing_info","missing_info",NA
"TTC549_SOFT_TISSUE","ACH-001211",NA,NA,"missing_info","missing_info",NA
"TTC642_SOFT_TISSUE","ACH-001212",NA,NA,"missing_info","missing_info",NA
"HELA_CERVIX","ACH-001086",NA,NA,"missing_info","missing_info","CESC"
